Date,State,City_County,Address,Killed,Injured,Operations
12/31/2017,Utah,Magna,2665 S 8990 W,2,0,N/A
12/31/2017,California,West Sacramento,1050 W Capitol Ave,3,0,N/A
12/27/2017,Texas,San Antonio,5000 block of Sunset Glade,2,0,N/A
12/25/2017,Indiana,Noblesville,11200 E 191st St,3,0,N/A
12/24/2017,Virginia,Charlottesville,1700 block Monticello Rd,2,0,N/A
12/23/2017,Oregon,Gresham,2000 block of NW 7th Pl,2,0,N/A
12/22/2017,North Carolina,Charlotte,10800 block of Dapple Gray Ln,2,0,N/A
12/22/2017,Pennsylvania,Bethlehem,1543 Dennis St,2,0,N/A
12/22/2017,Washington,Seattle,555 16th Ave,2,0,N/A
12/19/2017,Florida,West Palm Beach (Singer Island),1248 Surf St,2,0,N/A
12/19/2017,Michigan,Lansing,2700 block of Marion Avenue,2,0,N/A
12/19/2017,Washington,Redmond,16000 block of Cleveland St,2,0,N/A
12/18/2017,Washington,Concrete,41000 block of Cape Horn Dr,2,0,N/A
12/16/2017,Wisconsin,Milwaukee,2400 block of W Auer Ave,3,0,N/A
12/15/2017,North Carolina,Indian Trail,5700 Block of Indian Trail Fairview Rd,2,0,N/A
12/15/2017,North Carolina,Raleigh,2600 Block of Westinghouse Blvd,2,1,N/A
12/13/2017,California,Palo Alto (East Palo Alto),2200 block of Tuscany Ct,2,0,N/A
12/13/2017,Missouri,Springfield,Douglas Ave and Atlantic St,2,0,N/A
12/13/2017,Pennsylvania,Monaca,100 University Dr,2,0,N/A
12/13/2017,Maryland,Silver Spring,1400 block of Fenwick Ln,2,0,N/A
12/12/2017,Texas,Tomball (The Woodlands),Ash Branch Ct,2,0,N/A
12/11/2017,Pennsylvania,Lancaster,403 Elmshire Dr,2,0,N/A
12/11/2017,Pennsylvania,Saxton,200 block of Sawdust Dr,2,0,N/A
12/11/2017,Texas,Austin,8000 block of El Dorado Dr,2,0,N/A
12/10/2017,California,San Diego,Elsa Rd and 48th St,2,0,N/A
12/9/2017,Maine,Manchester,543 Prescott Rd,2,0,N/A
12/9/2017,California,Merced,1200 block of Daybreak Dr,3,0,N/A
12/9/2017,Texas,North Richland Hills,7400 block of College Cir S,3,0,N/A
12/9/2017,North Carolina,Charlotte,2205 Kilborne Dr,3,1,N/A
12/9/2017,Florida,Cape Coral,5200 Block of SW 9th Pl,2,0,N/A
12/8/2017,California,Sanger,900 block of Second St,2,0,N/A
12/7/2017,Louisiana,Mooringsport,9900 block of Scaithe Road,2,0,N/A
12/6/2017,Minnesota,Fergus Falls,1447 Patterson Loop,2,0,N/A
12/5/2017,Louisiana,Baton Rouge,5400 block of Banyan Trace Dr,2,0,N/A
12/3/2017,Tennessee,Nashville,3000 block of Cliff Dr,2,0,N/A
12/2/2017,Colorado,Westminster,West 85th Avenue and Lowell Boulevard,2,0,N/A
11/28/2017,Alabama,Selma,431 County Road 540,2,0,N/A
11/27/2017,Kansas,Topeka,1190 SW High Ave,2,0,N/A
11/27/2017,Texas,San Antonio,13827 Possum Treen Rd,2,0,N/A
11/25/2017,Virginia,Spotsylvania,7908 Waterford Dr,3,0,N/A
11/25/2017,Pennsylvania,Bensalem,I-95 and Woodhaven Rd,2,0,N/A
11/25/2017,Texas,Killeen,1000 W. Stan Schlueter Loop,2,0,N/A
11/24/2017,Pennsylvania,Osceola Mills,608 Curtin St,3,1,N/A
11/19/2017,California,Huntington Beach,15700 block of Taft Ln,2,0,N/A
11/18/2017,Washington,Sammamish,24000 block of NE 30th Pl,3,0,N/A
11/16/2017,Tennessee,Nashville,600 block of S 9th St,2,0,N/A
11/16/2017,North Carolina,Willard,1600 block of Lake Rd,2,0,N/A
11/15/2017,Florida,Orlando,1928 Buchanan Bay Cir,2,0,N/A
11/14/2017,California,Corning,17357 Stagecoach Rd,6,12,N/A
11/13/2017,Missouri,Pierce City,Farm Road 1050,2,0,N/A
11/11/2017,California,El Segundo,500 E Pine Ave,2,0,N/A
11/9/2017,Michigan,Kalamazoo,100 block of Emerson St,3,0,N/A
11/8/2017,Arizona,Tucson,6000 block of E 20th St,3,0,N/A
11/7/2017,Louisiana,Baton Rouge (Central),17000 block of Wax Rd,2,0,N/A
11/6/2017,Florida,Belleview,5900 block of SE Front Rd,2,0,N/A
11/6/2017,Alabama,Gadsden (Hokes Bluff),5800 block of Main Street,2,0,N/A
11/5/2017,Minnesota,Minneapolis,2000 block of NE Polk St,2,0,N/A
11/5/2017,Louisiana,Lacombe,26100 block of East Elm St,2,0,N/A
11/5/2017,California,Fresno,351 E Kearney Blvd,3,0,N/A
11/2/2017,Missouri,Ashland,500 Block of Nickman Road,2,0,N/A
11/2/2017,Pennsylvania,Philadelphia,3500 block of Amber St,2,0,N/A
10/29/2017,Virginia,Draper,Old Baltimore Rd,2,0,N/A
10/28/2017,Illinois,Plainfield,13460 S Rt 59,2,0,N/A
10/28/2017,Georgia,Gainesville,2300 block of Thompson Mill Rd,2,0,N/A
10/27/2017,Wisconsin,Chetek,600 Block of 26th St,3,0,N/A
10/26/2017,California,Grover Beach,1100 block of Saint John Cir,2,0,N/A
10/25/2017,Massachusetts,Holyoke,598 Dwight St,2,0,N/A
10/25/2017,California,Descanso,10300 block of Boulder Creek Rd,2,0,N/A
10/24/2017,Wisconsin,Weyauwega,WI-54 Trunk and WI-22 N Shore Rd,2,0,N/A
10/23/2017,Pennsylvania,Carbondale,44th St,2,0,N/A
10/23/2017,Louisiana,Livingston,LA 444,2,0,N/A
10/22/2017,Virginia,Alexandria,4725 Duke St,2,1,N/A
10/22/2017,Texas,Port Neches,693 Ridgewood Dr,2,0,N/A
10/21/2017,Michigan,Charlotte,1300 block of South Clinton Street,2,0,N/A
10/21/2017,North Carolina,Elkin,200 Block of Lyles St,2,0,N/A
10/20/2017,Georgia,Watkinsville,Greensboro Hwy,2,0,N/A
10/19/2017,Colorado,Fort Collins,720 City Park Ave,3,1,N/A
10/19/2017,Montana,Ekalaka,Tie Creek Rd,2,0,N/A
10/19/2017,Delaware,Kenton,Cooper St,2,0,N/A
10/18/2017,Ohio,Cincinnati,8290 Wooster Pike,2,0,N/A
10/15/2017,Washington,Winlock,600 block of Tennessee Rd,2,0,N/A
10/13/2017,Washington,Lakewood,8800 block of Rose Rd SW,2,0,N/A
10/12/2017,Florida,Cocoa,4155 Atoka Ct,2,0,N/A
10/6/2017,Michigan,Linwood,2000 block of Lebourdais Rd,2,0,N/A
10/6/2017,Florida,Bascom,Robinson Rd,3,0,N/A
10/6/2017,West Virginia,Culloden,Benedict Rd,2,1,N/A
10/4/2017,California,Mount Shasta,311 Old McCloud Ave,2,0,N/A
10/3/2017,Kentucky,Mayfield,1800 block of S 10th St,2,0,N/A
10/2/2017,Georgia,Mableton,6000 Block of Venetian Way,2,0,N/A
10/2/2017,Florida,Nokomis,410 Kenwood Ave,3,1,N/A
9/30/2017,California,San Francisco,Rayburn St and 21st St,2,0,N/A
9/28/2017,Kansas,Topeka,NW 14th St and NW Gage Blvd,2,0,N/A
9/26/2017,South Dakota,Lennox,S Main St,3,0,N/A
9/25/2017,Florida,Fort Myers,15270 Ballast Point Dr,2,0,N/A
9/25/2017,South Carolina,Greenville,500 Block of Laurel Meadows Pkwy,2,0,N/A
9/23/2017,Ohio,Centerburg,3424 Columbus Rd,2,0,N/A
9/23/2017,California,Long Beach,7100 block of Island Village Dr,2,0,N/A
9/23/2017,Georgia,Lawrenceville,1200 Block of Bishops Ln,2,0,N/A
9/23/2017,California,Glendale,1500 block of E Windsor,2,0,N/A
9/22/2017,Florida,Miami,25389 SW 132nd Ave,3,0,N/A
9/22/2017,Texas,San Antonio,5700 block of Stone Village,2,0,N/A
9/21/2017,Massachusetts,Foxboro,79 East St,2,0,N/A
9/20/2017,Wisconsin,La Crosse (Lacrosse),Lakeshore Dr,2,0,N/A
9/18/2017,Illinois,Dixon,1000 block of Fargo Ave,2,0,N/A
9/17/2017,Ohio,Columbus,5001 Olentangy River Rd,2,0,N/A
9/16/2017,Indiana,Gary,7200 block of E 1st Ave,2,0,N/A
9/14/2017,Missouri,Kansas City,4500 block of Benton Blvd,2,0,N/A
9/10/2017,California,Lakewood,5900 block of Pepperwood Ave,2,0,N/A
9/10/2017,South Carolina,Conway,Conway Plantation Dr,2,0,N/A
9/10/2017,Texas,Fort Worth,4001 Library Ln,2,0,N/A
9/8/2017,North Carolina,Fayetteville,1900 Block of Yellowbrick Rd,2,0,N/A
9/8/2017,Washington,Olympia,Bella Ct SE,2,0,N/A
9/5/2017,Texas,Joshua,1800 block of FM917,2,0,N/A
9/5/2017,Florida,Ocala,2419 SW 55th Avenue Rd,2,0,N/A
9/4/2017,Oklahoma,Oklahoma City (Warr Acres),5901 NW 34th St,2,0,N/A
9/4/2017,Illinois,Chicago,4900 block of W Washington,2,0,N/A
8/31/2017,Florida,Glen Saint Mary,11050 Bluff Creek Rd,2,0,N/A
8/30/2017,California,Visalia,31800 block of Rd 138,3,0,N/A
8/26/2017,Indiana,Nineveh (Princes Lakes),600 block of W Lakeview Dr,2,0,N/A
8/26/2017,Florida,Weirsdale,13842 SE Hwy 42,3,0,N/A
8/25/2017,New York,Pound Ridge,23 Fox Hill Road,3,0,N/A
8/24/2017,North Carolina,Whitakers,1400 Block of Shearin Rd,2,0,N/A
8/23/2017,California,Bloomington,17000 block of Santa Ana Avenue,4,0,N/A
8/21/2017,Pennsylvania,Wallingford,935 S Providence Rd,2,0,N/A
8/21/2017,California,San Jacinto,2500 block of S Santa Fe,2,0,N/A
8/19/2017,Texas,San Antonio,2200 block of Pipestone Dr,2,0,N/A
8/17/2017,Tennessee,Nashville,700 block of Chickasaw Ave,2,0,N/A
8/15/2017,New Hampshire,Haverhill,154 Pine Park Rd,2,0,N/A
8/14/2017,Colorado,Pueblo (Pueblo West),1000 block of Mescal Dr,1,0,N/A
8/14/2017,Kansas,Lawrence,1000 block of E900 Rd,3,0,N/A
8/10/2017,West Virginia,Morgantown,245 Morris St,2,0,N/A
8/10/2017,New Jersey,Holmdel,4 Paddington Ct,2,0,N/A
8/10/2017,Florida,Pembroke Pines,1100 block of SW 110th Ave,2,0,N/A
8/9/2017,New York,Johnsburg,802 S Johnsburg Rd,2,0,N/A
8/7/2017,Wyoming,Powell,818 Jonathon Rd,2,0,N/A
8/7/2017,Georgia,Cumming,Carleen Ct,2,0,N/A
8/6/2017,North Dakota,Jamestown,1906 4th St,2,0,N/A
8/6/2017,Indiana,Logansport,400 block of Hanna,2,0,N/A
8/6/2017,Illinois,Watseka,N/A,2,0,N/A
7/30/2017,Georgia,Jefferson,105 Fairlane Dr,2,1,N/A
7/30/2017,Missouri,Greene (county),E Kingswood Dr,2,0,N/A
7/29/2017,Montana,Bozeman,E Story St,2,0,N/A
7/27/2017,Oklahoma,Tulsa,6100 block of East 17th St,2,0,N/A
7/26/2017,Vermont,Guildhall (Maidstone),5545 Route 102,2,0,N/A
7/24/2017,Virginia,Arlington,2400 block of N. Quantico St,2,0,N/A
7/24/2017,Minnesota,Winona,209 Chatfield St,2,0,N/A
7/23/2017,Pennsylvania,North East,10550 Lake Rd,3,0,N/A
7/22/2017,California,Visalia,4200 block of W Cambridge Ave,2,0,N/A
7/22/2017,Arkansas,Mountain Home,71 Kierra Pl,2,0,N/A
7/21/2017,Texas,Waco,3201 Over Flow Rd,2,0,N/A
7/20/2017,Idaho,Burley,1246 Overland Ave,2,0,N/A
7/18/2017,Pennsylvania,Philadelphia,1200 block of Sanger St,2,0,N/A
7/17/2017,California,Chatsworth,10444 Canoga Ave,2,0,N/A
7/17/2017,New Mexico,Carlsbad,N Canyon St,2,0,N/A
7/17/2017,California,Saratoga,19000 block of Saratoga-Los Gatos Rd,2,0,N/A
7/16/2017,California,Seal Beach,121 7th St,2,0,N/A
7/16/2017,North Carolina,Jacksonville,3000 block of Oak Wood Road,2,0,N/A
7/14/2017,Virginia,Mc Lean (Mclean),6700 block of Dean Dr,2,0,N/A
7/13/2017,South Carolina,Easley,3800 Calhoun Memorial Hwy,4,0,N/A
7/12/2017,Alabama,Gardendale,4100 block of Willow Bend Drive,4,0,N/A
7/10/2017,Ohio,Fairfield,5800 block of Brooke Meadows Ct,2,0,N/A
7/10/2017,Florida,Fort Myers,14411 Palm Beach Blvd,2,0,N/A
7/10/2017,Nevada,Las Vegas,10300 block of Numaga Road,3,0,N/A
7/7/2017,Georgia,Canton,200 block of Clay Wade Dr,2,0,N/A
7/7/2017,New York,Kerhonkson,40 Sages Loop Rd,2,0,N/A
7/5/2017,Connecticut,Bridgeport,405 Trumbull Ave,2,0,N/A
7/3/2017,Alaska,Anchorage,11300 Hillside Dr,2,0,N/A
7/2/2017,Pennsylvania,Harrisburg,43 Hall Manor Pl,2,0,N/A
7/1/2017,Missouri,Moberly,600 block of S Ault St,2,0,N/A
6/30/2017,Alabama,Mobile,1600 block of Faure Dr E,2,0,N/A
6/28/2017,Utah,West Jordan,7800 S 2700 W,2,0,N/A
6/28/2017,Florida,Orlando,Calathea Dr,2,0,N/A
6/27/2017,Maryland,Conowingo,200 block of Old Mill Rd,2,0,N/A
6/25/2017,California,Rio Linda,400 block of Q St,2,0,N/A
6/24/2017,Pennsylvania,Coopersburg,5000 block of Limeport Rd,2,0,N/A
6/24/2017,Ohio,Marion,300 block of Brentwood Dr,2,0,N/A
6/24/2017,California,San Gabriel,1300 block of Stevens Ave,2,0,N/A
6/23/2017,Maryland,Hyattsville,5501 45th Ave,2,0,N/A
6/23/2017,Arkansas,Fort Smith,3000 block of Willow Cove,2,0,N/A
6/22/2017,Virginia,Richmond,2200 block of Chalfont Dr,2,0,N/A
6/22/2017,Utah,Salt Lake City (Taylorsville),2524 Hard Rock Dr,2,0,N/A
6/21/2017,Illinois,Chicago,Chicago Skyway and 88th St,2,0,N/A
6/20/2017,Kentucky,London,KY 229 and Hideaway Rd,2,0,N/A
6/19/2017,Wisconsin,Pleasant Prairie,8600 block of 82nd St,2,0,N/A
6/18/2017,Louisiana,Shreveport,3500 block of Junior Place,3,0,N/A
6/17/2017,Kentucky,Independence,2997 Moffett Rd,2,0,N/A
6/17/2017,Tennessee,Nashville,1500 block of Fatherland St,2,0,N/A
6/17/2017,Utah,Greenville (Adamsville),N/A,2,0,N/A
6/15/2017,Tennessee,Oak Ridge,101 Oak Lane,3,0,N/A
6/13/2017,New Jersey,Roselle,900 block of Chestnut St,2,0,N/A
6/13/2017,Georgia,Covington,11600 block of Highway 142,2,0,N/A
6/12/2017,Maryland,Catonsville,2100 block of Rockwell Ct,2,0,N/A
6/12/2017,Alabama,Birmingham,1000 block of Villa Rica Court,2,0,N/A
6/9/2017,Kentucky,Florence,5700 block of Hazel Drive,2,0,N/A
6/7/2017,Wisconsin,Kenosha,22nd Avenue and 69th Street,2,0,N/A
6/6/2017,Pennsylvania,Strasburg,1433 Village Rd,3,0,N/A
6/6/2017,Utah,Sandy,2232 Alta Canyon Drive,3,2,N/A
6/4/2017,Illinois,Chicago,2500 block of W Lyndale,2,0,N/A
6/2/2017,Arizona,Page,100 Wahweap Blvd,2,0,N/A
6/2/2017,Ohio,Tiffin,S CR 19,2,0,N/A
6/1/2017,Alabama,Jasper,36009 Pineywoods Sipsey Rd,2,0,N/A
5/31/2017,Florida,Naples,12000 Block of Collier's Reserve Dr,2,0,N/A
5/31/2017,Minnesota,Andover,900 block of 139th Avenue N.,3,0,N/A
5/30/2017,Florida,Rockledge,McIver Ln,2,0,N/A
5/28/2017,Illinois,Chicago,2900 block of S State St,2,0,N/A
5/27/2017,Oklahoma,Bartlesville,1400 block of SW Maple,2,0,N/A
5/26/2017,North Carolina,Morehead City,1800 block of North 20th Street,2,0,N/A
5/25/2017,California,Colton,1430 E Cooley Dr,2,0,N/A
5/22/2017,Michigan,Trenton (Woodhaven),25010 Marsh Creek Blvd,3,0,N/A
5/21/2017,Kansas,Wichita,8th and Glendale,2,0,N/A
5/20/2017,Texas,Bruceville,17380 S Interstate Hwy 35,2,0,N/A
5/20/2017,California,Bakersfield,400 block of 20th Street,2,0,N/A
5/19/2017,Virginia,Fredericksburg (Enon),14900 block of Spruce St,2,0,N/A
5/17/2017,California,Lincoln,2500 Block of Lincoln Airpark Dr,2,0,N/A
5/17/2017,California,Novato,611 Bugeia,2,0,N/A
5/16/2017,Alabama,Russellville,1700 block of W College St,2,0,N/A
5/16/2017,California,La Jolla,Avenida Fiesta,2,0,N/A
5/15/2017,Maryland,Ellicott City,4600 block of Sheppard Ln,2,0,N/A
5/15/2017,Pennsylvania,Allison Park,700 Cumberland Woods Dr,2,0,N/A
5/15/2017,Ohio,Columbus,3100 block of Southern Hills Dr,2,0,N/A
5/13/2017,Pennsylvania,Allentown,600 block of N Jefferson St,2,0,N/A
5/12/2017,Ohio,Kirkersville,215 E Main St,4,0,N/A
5/12/2017,Pennsylvania,Factoryville,1667 US 11,2,0,N/A
5/11/2017,Pennsylvania,Cranesville,8665 Kinsey Rd,2,0,N/A
5/11/2017,Massachusetts,Lowell,166 Stevens St,2,0,N/A
5/11/2017,Florida,Kissimmee (Poinciana),102 Blackpool Way,2,0,N/A
5/10/2017,New York,Tupper Lake,435 Hosley Ave,2,0,N/A
5/9/2017,Florida,Deltona,3000 block of Canterbury Street,2,0,N/A
5/8/2017,North Carolina,Durham,1000 block of Golden Crest Dr,2,0,N/A
5/7/2017,Montana,Hamilton,N/A,2,0,N/A
5/7/2017,Arizona,Maricopa,37000 block of Giallo Lane,2,0,N/A
5/7/2017,Texas,Tyler,1200 block of Wimbledon Dr,2,0,N/A
5/5/2017,Texas,Corpus Christi,1600 block of Karen Dr,2,0,N/A
5/4/2017,New Jersey,Jersey City,290 Bright Street,2,0,N/A
5/3/2017,Texas,Dallas,3900 block of Investor Drive,2,0,N/A
5/3/2017,Texas,San Antonio,11501 Braesview,2,0,N/A
5/3/2017,Nevada,Las Vegas,4650 N Rainbow Blvd,2,0,N/A
5/3/2017,Texas,Abilene,2600 Nonesuch,2,0,N/A
5/3/2017,North Carolina,Charlotte,1800 Charleston Place,2,0,N/A
5/1/2017,Texas,Fort Worth,1888 Green Oaks Rd,2,0,N/A
4/30/2017,Connecticut,Norwalk,66 Wilton Ave,2,0,N/A
4/27/2017,Florida,Saint Augustine,4300 Block of Carter Rd,2,0,N/A
4/27/2017,Kentucky,Owensboro,3100 block of Harness Loop,2,0,N/A
4/25/2017,Pennsylvania,Johnstown,1005 Aspen Woods Ln,2,0,N/A
4/24/2017,Florida,Miami,19745 SW 244th St,2,0,N/A
4/23/2017,Missouri,Ballwin,900 block of Parma Dr,2,0,N/A
4/23/2017,Pennsylvania,York,700 block of Greenbriar Rd,3,0,N/A
4/21/2017,Ohio,East Canton,7487 Hill Church St SE,2,0,N/A
4/20/2017,Florida,Lehigh Acres,2715 4th St SW,3,0,N/A
4/16/2017,Washington,Kirkland,10300 block of 113th Ct NE,2,0,N/A
4/14/2017,Arizona,Tucson,2905 E Skyline Dr,2,1,N/A
4/12/2017,Oregon,Portland,16225 NE Glisan St,3,0,N/A
4/11/2017,Tennessee,Cookeville,2991 Highlands Park Blvd,2,1,N/A
4/10/2017,California,San Bernardino,5378 N H St,3,1,N/A
4/10/2017,Florida,Riverview,4663 Pond Ridge Dr,2,0,N/A
4/10/2017,Florida,Ocala,1946 SW 31st Ave,2,0,N/A
4/9/2017,Texas,Donna,900 block of Earling Rd,2,0,N/A
4/9/2017,Alabama,Mobile,900 Downtowner Blvd,2,0,N/A
4/7/2017,Texas,Houston,3829 Mount Pleasant St,5,0,N/A
4/6/2017,Texas,Prosper,1600 block of Hidden Glen Ct,2,0,N/A
4/5/2017,Florida,Jacksonville,12171 Beach Blvd,3,0,N/A
4/4/2017,Illinois,Creve Coeur,113 S Thorncrest Ave,2,0,N/A
4/4/2017,Florida,Jay,3700 block of Hazel Godwin Rd,2,0,N/A
4/3/2017,Texas,Converse,4214 Stanley Park,2,0,N/A
3/30/2017,New York,Poland (Russia),Military Rd,2,0,N/A
3/30/2017,Pennsylvania,Elizabethtown,990 Hershey Rd,2,0,N/A
3/30/2017,Florida,Satellite Beach (Indian Harbour Beach),900 block of Bluewater Dr,2,0,N/A
3/30/2017,Texas,Longview,900 block of 8th Ave,2,0,N/A
3/30/2017,Ohio,Canton,529 Smith Ave NW,4,0,N/A
3/27/2017,Indiana,Fort Wayne,914 Kensington Blvd,3,0,N/A
3/27/2017,Missouri,Saint Louis,10600 block of Dunkeld Cir,2,0,N/A
3/26/2017,Georgia,Carrollton,Tulip Way,2,0,N/A
3/25/2017,Indiana,Elkhart,58000 block of Edgewood St,2,0,N/A
3/24/2017,Utah,Spanish Fork (Benjamin),7600 S 1800 W St,2,0,N/A
3/23/2017,Maryland,Waldorf,3305 Westdale Ct,3,1,N/A
3/20/2017,Ohio,Findlay,605 Palm Dr,2,0,N/A
3/19/2017,Texas,Richmond,1400 block of River Cliff Ct,2,0,N/A
3/19/2017,California,Capitola,1855 41st Ave,2,0,N/A
3/18/2017,Texas,Slaton,16014 CR 3460,2,0,N/A
3/15/2017,Mississippi,Madison,120 Clearview Dr E,2,0,N/A
3/13/2017,California,Vista,1420 Phil-Mar Lane,3,0,N/A
3/13/2017,Louisiana,Chalmette,8500 block of Deerfield Dr,2,0,N/A
3/12/2017,North Carolina,Hickory,183 18th St Pl NW,2,0,N/A
3/12/2017,Kentucky,Bowling Green,Wayne Watt Rd,2,0,N/A
3/12/2017,Florida,Fort Myers,15636 Royal Coach Circle,1,0,N/A
3/12/2017,Pennsylvania,Stroudsburg,Ramble Bush Road,2,0,N/A
3/11/2017,Wisconsin,Milwaukee,9609 W Goodrich Ave,2,0,N/A
3/11/2017,Ohio,Portsmouth,300 block of Edendale Road,2,0,N/A
3/11/2017,Pennsylvania,Pittsburgh,413 Bausman St,2,1,N/A
3/10/2017,Virginia,Henrico (county),3100 block of Collins Road,2,0,N/A
3/10/2017,Illinois,Saint Charles,450 South First Street,3,1,N/A
3/9/2017,Texas,Houston,10200 block of Trade Winds Dr,2,0,N/A
3/8/2017,Ohio,Mansfield,327 Brookwood Way,2,0,N/A
3/8/2017,Texas,Houston,1800 Rusk St,2,0,N/A
3/8/2017,North Carolina,Huntersville,12300 block of Cross Meadow Road,2,0,N/A
3/8/2017,Ohio,Carroll,2400 block of Pickerington Rd,2,0,N/A
3/6/2017,Ohio,Medina,Red Oak Circle,2,0,N/A
3/6/2017,Georgia,Saint Simons Island,284 Redfern Dr,2,0,N/A
3/5/2017,California,El Centro,2131 West Elm Ave,4,0,N/A
3/4/2017,California,Fresno,3200 block of E Normal Ave,2,0,N/A
3/4/2017,Texas,Denton,200 block of Royal Oaks Pl,2,0,N/A
3/2/2017,Texas,Haslet,13200 block of Taylor Frances Lane,3,0,N/A
2/28/2017,Texas,Van,1500 block of FM 314,3,0,N/A
2/27/2017,Florida,Gainesville,Victoria Ct,2,0,N/A
2/26/2017,Virginia,Charlottesville,1700 block of Monticello Road,2,0,N/A
2/24/2017,Florida,Brandon,132 Hickory Creek Drive,3,0,N/A
2/23/2017,Texas,Pasadena,4514 Red Bluff Rd,2,1,N/A
2/22/2017,Alaska,Fairbanks,1200 block of McCarty Ave,2,0,N/A
2/20/2017,Arizona,Phoenix,63rd Ave and Crown King Rd,2,0,N/A
2/20/2017,Texas,Galveston,7600 block of Beluche Dr,2,0,N/A
2/19/2017,Idaho,Preston,67 W. 200 S.,4,0,N/A
2/18/2017,Arizona,Chandler (Sun Lakes),N/A,2,0,N/A
2/16/2017,Virginia,Richmond,1300 block of Coalter Street,3,0,N/A
2/15/2017,Oregon,Portland,SW Willow Top Ln,2,0,N/A
2/15/2017,Texas,Del Valle,4557 Highway 71 E,2,0,N/A
2/15/2017,Tennessee,Alcoa,247 W Fulton St,2,0,N/A
2/13/2017,Louisiana,Lafayette,317 Guilbeau Rd,2,0,N/A
2/13/2017,Missouri,Saint Louis (Shrewsbury),7820 Cardinal Ridge Court,2,0,N/A
2/13/2017,Texas,Fort Worth,815 Main St,2,0,N/A
2/12/2017,Mississippi,Horn Lake,3100 block of Cool Springs Dr,2,1,N/A
2/11/2017,Texas,Houston,4954  N Cancun Dr,2,0,N/A
2/10/2017,Georgia,Calhoun,901 N Wall St,2,1,N/A
2/9/2017,Texas,Corsicana,4600 block of SE CR 1090,3,0,N/A
2/7/2017,Oklahoma,Morris,17000 block of U.S. 62,4,0,N/A
2/7/2017,Oklahoma,Norman,700 block of Trisha Ln,3,0,N/A
2/6/2017,Louisiana,Shreveport,3300 block of Bond Dr,2,0,N/A
2/6/2017,California,Ventura,5500 block of Dorsey St,2,0,N/A
2/6/2017,Wisconsin,Eau Claire,2041 Crescent Ave,2,0,N/A
2/5/2017,Illinois,Joliet,400 block of N Bluff St,2,0,N/A
2/4/2017,Ohio,Rogers,Dyke Road,2,1,N/A
2/4/2017,Arkansas,Paragould,211 S. 12th Ave,2,0,N/A
2/3/2017,Kentucky,Lexington,408 Whispering Hills Dr,2,1,N/A
2/3/2017,South Carolina,Columbia,1017 May Oak Circle,2,0,N/A
2/2/2017,Ohio,Newark,4567 Price Rd,2,0,N/A
2/2/2017,Ohio,Newark,4300 block of Price Road,2,0,N/A
2/1/2017,California,San Carlos,6687 Bell Bluff Ave,2,0,N/A
2/1/2017,New York,Rochester (Greece),Mt Read Blvd,2,0,N/A
2/1/2017,Illinois,Monee,4900 block of Main Street,2,1,N/A
1/30/2017,North Carolina,Black Mountain,Cement Road,2,0,N/A
1/30/2017,Tennessee,Chattanooga (East Ridge),3552 Shelby Circle,2,0,N/A
1/29/2017,Michigan,Colfax Township,N/A,2,0,N/A
1/27/2017,Texas,Mcallen,900 Block of N 3rd St,3,1,N/A
1/27/2017,Virginia,Mc Lean (Mclean),1339 Windy Hill Road,3,0,N/A
1/26/2017,Indiana,Columbus,1518 Lafayette Avenue,2,0,N/A
1/26/2017,Alabama,Moundville,154 Market St,3,0,N/A
1/26/2017,Missouri,Fairdealing,N/A,3,0,N/A
1/25/2017,Indiana,Indianapolis,3000 block of West Morris St,2,0,N/A
1/24/2017,Tennessee,Nashville,2920 Ironwood Dr,2,0,N/A
1/23/2017,Alabama,Killen,Westfork Dr,2,0,N/A
1/23/2017,Maryland,Parkton,1000 block of Dairy Rd,2,0,N/A
1/22/2017,Texas,Manvel,200 block of Oak Shore Dr,3,2,N/A
1/20/2017,Louisiana,Marrero,Ames Blvd and Barataria Blvd,3,0,N/A
1/16/2017,California,Sylmar,13600 block of Gavina Avenue,2,0,N/A
1/13/2017,Utah,Salt Lake City (West Valley City),4900 W Frontage Rd,2,0,N/A
1/10/2017,Florida,Fort Lauderdale,2030 NW 29th Ter,2,0,N/A
1/10/2017,Colorado,Colorado Springs,3655 El Morro Rd,4,0,N/A
1/9/2017,New Jersey,Wayne,Dwyer St,2,0,N/A
1/9/2017,Nebraska,Sidney,2226 Maple St,2,0,N/A
1/8/2017,Kentucky,Morehead,1090 Island Fork Road,3,1,N/A
1/7/2017,Florida,Naples,8000 block of Dream Catcher Cir,2,0,N/A
1/7/2017,Kentucky,Deane,Apple Tree Branch,2,0,N/A
1/6/2017,Alabama,Athens,18573 East Limestone Road,2,0,N/A
1/5/2017,Florida,Callahan,Swallowfork Ave,2,0,N/A
1/4/2017,Pennsylvania,Meadville,812 Brawley Avenue,2,0,N/A
1/3/2017,Ohio,Cleveland (Shaker Heights),3075 Morley Rd,2,0,N/A
1/3/2017,Oregon,Hubbard,18950 Fobert Rd NE,4,0,N/A
1/1/2017,Louisiana,Anacoco,Ross Rd,3,0,N/A
12/31/2016,Florida,Bryceville,12000 block of CR 121,2,0,N/A
12/31/2016,Nebraska,Lincoln,1523 Superior St,2,0,N/A
12/31/2016,New Mexico,Roswell,W Berrendo Rd,2,0,N/A
12/31/2016,Missouri,Saint Louis,4400 block of S Spring Ave,2,0,N/A
12/30/2016,Texas,Houston,Richelieu Lane and Oak Forest Drive,3,0,N/A
12/29/2016,Texas,Round Rock,Hunters Lodge Drive and Indian Oaks,2,0,N/A
12/29/2016,Utah,Salt Lake City,500 South Chipeta Way,2,0,N/A
12/25/2016,Alabama,Moundville,N/A,2,0,N/A
12/24/2016,Mississippi,Pearl,3400 block of Old Brandon Road,2,1,N/A
12/23/2016,Mississippi,Pope,200 block of West Dale St,2,0,N/A
12/23/2016,Minnesota,Faribault,530 Wilson Avenue,2,0,N/A
12/22/2016,Pennsylvania,Saltsburg,Forest Drive,2,0,N/A
12/21/2016,Oregon,Bend (Sunriver),Mountain Sheep Lane,2,1,N/A
12/19/2016,Ohio,Canton,500 block of Harmon Street SW,2,0,N/A
12/17/2016,Louisiana,Baton Rouge,11000 block of Catalina Avenue,2,0,N/A
12/17/2016,Texas,El Paso,4700 block of Loma Del Rey,2,0,N/A
12/17/2016,Oklahoma,Elgin,1204 Cypress Lane,2,0,N/A
12/13/2016,Ohio,Wauseon,W Linfoot Street and Ottokee Street,2,0,N/A
12/11/2016,Minnesota,Faribault,2500 block of Hulett Avenue,2,0,N/A
12/10/2016,Texas,Austin,7700 block of Whitsun Avenue,2,0,N/A
12/10/2016,Texas,Brownfield,400 block of East Lake Street,2,0,N/A
12/8/2016,Maine,Hebron,Marshall Pond Rd,2,0,N/A
12/6/2016,Montana,Chester,N/A,2,0,N/A
12/5/2016,Montana,Helena,Morton Avenue,2,0,N/A
12/5/2016,New Mexico,Albuquerque,1532 Stagecoach Lane,4,1,N/A
12/5/2016,Michigan,Midland (county),3100 North Lakeview Drive,2,0,N/A
12/5/2016,Vermont,Newbury,340 Welch Rd,2,0,N/A
12/4/2016,Ohio,Lewis Center,Lewis Center Rd,2,0,N/A
11/29/2016,Colorado,Lone Tree,7848 East County Line Road,3,0,N/A
11/28/2016,New York,New York (Manhattan),719 W. 180th Street,2,0,N/A
11/26/2016,Ohio,Toledo,Gilbert Road,2,0,N/A
11/25/2016,Alaska,Fairbanks,433 Harold Bentley Ave,4,0,N/A
11/23/2016,Oregon,Medford,345 South Central Avenue,2,0,N/A
11/23/2016,Wisconsin,New Berlin,West Hickory Trail,2,0,N/A
11/23/2016,California,Antelope,4200 block of Hartlepool Way,2,0,N/A
11/21/2016,California,Long Beach,10th Street and Park Avenue,2,0,N/A
11/20/2016,Michigan,Franklin (Beverly Hills),19000 block of Riverside Drive,2,0,N/A
11/19/2016,Hawaii,Lihue,4535 Kalepa Cir,2,0,N/A
11/19/2016,Florida,Hollywood (West Park),3715 Southwest 58th Terrace,2,0,N/A
11/19/2016,Pennsylvania,Wilkes Barre,351 McLean Street,3,0,N/A
11/19/2016,Arkansas,Texarkana,3400 block of Line Ferry Rd,2,0,N/A
11/18/2016,Georgia,Norcross,700 block of Pebble Creek Drive,3,0,N/A
11/17/2016,Virginia,Stafford,8 Wilderness Ct,4,0,N/A
11/16/2016,Mississippi,Greenwood,N/A,2,0,N/A
11/16/2016,Florida,Cocoa,322 Pine Avenue,2,0,N/A
11/12/2016,South Carolina,Columbia,200 block of Morningside Dr.,2,0,N/A
11/11/2016,Ohio,Akron,737 Druid Walk,2,0,N/A
11/11/2016,North Carolina,Fuquay Varina,1713 McLaurin Lane,2,0,N/A
11/10/2016,Pennsylvania,Canonsburg,120 Woodcrest Drive,3,1,N/A
11/10/2016,Texas,Amarillo,4100 block of Brook Hollow,4,0,N/A
11/7/2016,Florida,Stuart,1100 block of Southeast Fleming Way,2,0,N/A
11/6/2016,Arkansas,Little Rock,West 24th Street,2,0,N/A
11/6/2016,Florida,Saint Petersburg,5511 17th Way South,2,0,N/A
11/5/2016,Missouri,Saint Louis,806 Cliff Cave Rd,3,0,N/A
11/4/2016,Ohio,Sheffield Lake,4532 Edgewater Drive,2,0,N/A
11/3/2016,Texas,Grand Prairie,1300 block of Southeast Fourth Street,2,0,N/A
11/2/2016,Minnesota,Saint Paul (Apple Valley),14049 Pennock Ave,2,0,N/A
11/2/2016,Texas,Fort Worth,3800 block of Ryan Avenue,2,0,N/A
10/31/2016,Florida,Hialeah,484 East 49th Street,2,0,N/A
10/29/2016,Texas,Palestine,2310 North Jackson Street,1,0,N/A
10/28/2016,Maryland,Glen Burnie,469 Glen Mar Road,2,0,N/A
10/28/2016,West Virginia,Kanawha (county),Spring Fork Road,2,0,N/A
10/28/2016,Florida,Tarpon Springs,2550 Richards Road,2,0,N/A
10/28/2016,Louisiana,Ponchatoula,SE Service Rd,2,0,N/A
10/28/2016,Michigan,Lansing,2900 block of Truman,3,0,N/A
10/27/2016,Pennsylvania,Apollo,700 block of Armstrong Avenue,2,0,N/A
10/26/2016,Texas,Dickinson,3100 block of Misty Isle Court,2,0,N/A
10/26/2016,Texas,Dickinson,200 block of Cay Crossing Ln,2,0,N/A
10/26/2016,New Jersey,Blairstown,4 Cherry Tree Lane,2,0,N/A
10/25/2016,Florida,Fort Walton Beach,11 Pryor Road,3,0,N/A
10/25/2016,Texas,Rusk,County Road 2303,2,0,N/A
10/25/2016,Missouri,Kansas City,5725 Central Street,2,1,N/A
10/23/2016,Mississippi,Southaven,2200 block of Cedar Point Cove,2,0,N/A
10/22/2016,Ohio,Youngstown,2100 block of Volney Road,2,0,N/A
10/21/2016,California,San Francisco,Lobos Street,2,0,N/A
10/20/2016,Florida,Ochopee,54000 block of U.S. 41,3,0,N/A
10/18/2016,Colorado,Glenwood Springs,South Hyland Drive,2,0,N/A
10/18/2016,Indiana,South Bend,500 block of South 25th Street,2,0,N/A
10/16/2016,Iowa,Decorah,2472 Dogwood Road,2,0,N/A
10/16/2016,Arizona,Tolleson,S 91st Ave and W Broadway Rd,3,0,N/A
10/16/2016,Florida,Altamonte Springs,Cedarbrook Lane,2,0,N/A
10/13/2016,California,Tulare,22400 block of Road 130,3,0,N/A
10/12/2016,Florida,Jacksonville,12000 block of Emerald Green Court,2,0,N/A
10/11/2016,Texas,Houston,8226 Aliso Canyon Lane,3,0,N/A
10/9/2016,Michigan,Omer,Summit Drive,2,0,N/A
10/9/2016,Alabama,Mobile,3200 block of Hamilton Blvd,2,0,N/A
10/9/2016,North Carolina,Winston Salem (Winston-salem),669 Harvey Teague Road,2,0,N/A
10/7/2016,Tennessee,Knoxville,6610 Millertown Pike,2,0,N/A
10/5/2016,Indiana,Seymour,5990 Spring Meadow Lane,2,0,N/A
10/5/2016,Oregon,Beaverton,12015 Southwest Walden Lane,3,0,N/A
10/5/2016,New York,Brooklyn,745 Gates Ave,2,0,N/A
10/4/2016,Ohio,Cleveland,11002 Lorain Avenue,2,0,N/A
10/3/2016,Florida,Naples,Woodshire Lane,2,0,N/A
10/2/2016,Kentucky,Louisville,1800 block of Oregon Avenue,2,0,N/A
10/2/2016,Iowa,Keokuk,North Fifth and Blondeau Street,2,0,N/A
10/1/2016,South Carolina,Conway (Bucksport),Martin Luther Drive,4,0,N/A
9/30/2016,Minnesota,Minneapolis,5400 block of 34th Avenue South,3,1,N/A
9/29/2016,California,Walnut,100 block of Avenida Grulla,2,0,N/A
9/29/2016,California,San Diego,115 Redwood Street,2,0,N/A
9/28/2016,North Carolina,Jacksonville,413 Sterling Road,2,0,N/A
9/28/2016,Maryland,College Park,8100 block of 48th Avenue,3,0,N/A
9/27/2016,South Carolina,Travelers Rest,593 Roe Center Ct,2,0,N/A
9/25/2016,Louisiana,Metairie,4528 Transcontinental,2,0,N/A
9/24/2016,Texas,Kerrville,Tanglewood Lane,2,0,N/A
9/23/2016,Arizona,Tucson,4200 block of South Old Windmill Lane,2,0,N/A
9/20/2016,Kansas,Prairie Village,6000 block of West 78th Terrace,2,0,N/A
9/19/2016,Texas,La Marque,1100 block of 2nd Street,2,0,N/A
9/18/2016,Texas,Belton,1608 Charping Lane,2,0,N/A
9/17/2016,West Virginia,Dryfork,N/A,2,0,N/A
9/15/2016,Tennessee,Bolivar,Pleasant Creek Lane and Vale Road,2,0,N/A
9/15/2016,Texas,Katy,5400 block of Plantation Forest Drive,2,0,N/A
9/14/2016,New Jersey,Ventnor City (Ventnor),228 North Oxford Avenue,2,0,N/A
9/12/2016,Pennsylvania,York,1250 Summit Run Ct,2,0,N/A
9/12/2016,Maryland,Pocomoke City,2242 Groton Road,3,0,N/A
9/11/2016,Ohio,Maineville (Hamilton Township),3000 block of U.S. Route 22,2,0,N/A
9/10/2016,Texas,Bastrop,600 block of Oak Hill Cemetery Road,3,0,N/A
9/8/2016,Florida,Fort Lauderdale,Southwest 22nd Street,2,0,N/A
9/7/2016,Wyoming,Lander,N/A,2,0,N/A
9/7/2016,Tennessee,Jefferson City,1530 Patty Perkins Lane,2,0,N/A
9/6/2016,Kansas,Kansas City,3000 block of South 46th Terrace,2,0,N/A
9/6/2016,North Carolina,Norlina,Hyco Street,2,1,N/A
9/3/2016,Florida,Sebring,South Egret Street,2,0,N/A
8/30/2016,Pennsylvania,West Finley,McGuffey Road,2,0,N/A
8/28/2016,New Mexico,Albuquerque,2600 Americare Ct NW,3,0,N/A
8/28/2016,Missouri,Kansas City,7621 Troost Ave,2,0,N/A
8/24/2016,Washington,Lopez Island,3500 block of Fisherman Bay Road,2,0,N/A
8/23/2016,Indiana,Pittsboro,North Maple Street,2,0,N/A
8/22/2016,Texas,Sanderson,Persimmon Avenue and West Oak Street,3,0,N/A
8/21/2016,Georgia,Brunswick,3901 US 17,2,1,N/A
8/21/2016,North Dakota,West Fargo,444 C Street,2,0,N/A
8/20/2016,Ohio,Massillon,900 block of 17th Street NE,3,0,N/A
8/19/2016,Arizona,Fort Mohave,1900 block of Fairway Dr,2,0,N/A
8/19/2016,California,Santa Clara,1000 block of Las Palmas Drive,2,0,N/A
8/19/2016,Texas,San Antonio,8607 Jones Maltsberger Road,2,0,N/A
8/18/2016,Pennsylvania,Sarver,Heathfield Drive,2,0,N/A
8/18/2016,Oregon,Hermiston,130 Northwest 11th Street,3,1,N/A
8/16/2016,Georgia,Stone Mountain,Wetherborn Place,2,1,N/A
8/15/2016,Montana,Butte,1819 Oregon Ave,2,0,N/A
8/15/2016,Minnesota,Hastings,Three Rivers Drive,2,0,N/A
8/15/2016,North Carolina,Bolivia,491 Kingswood Court,2,0,N/A
8/14/2016,Texas,Fort Worth,2000 block of Castleview Drive,2,0,N/A
8/14/2016,Missouri,Saint Louis,6700 block of Plainview Ave,2,0,N/A
8/14/2016,Louisiana,Prairieville (Galvez),Oak Trace Road,3,0,N/A
8/13/2016,Maryland,Jessup,7400 block of Montevideo Court,2,0,N/A
8/12/2016,Michigan,Jackson,5500 block of Clark Lake Rd,2,0,N/A
8/12/2016,Florida,Kissimmee,2294 East Irlo Bronson Memorial Highway,2,0,N/A
8/8/2016,Ohio,Cleveland,Martin Luther King Jr Drive and East 105th Street,2,2,N/A
8/8/2016,New Jersey,Burlington,15 Sunflower Circle,3,0,N/A
8/7/2016,Wyoming,Cheyenne,10000 block of Smoking Oak Road,2,0,N/A
8/7/2016,Michigan,Hillman,2200 block of M-32,2,0,N/A
8/6/2016,Pennsylvania,Reading (Sinking Spring),51 Winding Brook Drive,5,0,N/A
8/5/2016,Florida,Jay,12000 block of Chumuckla Highway,2,0,N/A
8/1/2016,Florida,Fort Myers,2974 Jackson Street,2,0,N/A
7/31/2016,Colorado,Denver,3500 block of S. Harlan Street,2,0,N/A
7/31/2016,Louisiana,Thibodaux,900 block of Burma Road,2,0,N/A
7/31/2016,Illinois,Chicago,5729 West Chicago Avenue,2,0,N/A
7/30/2016,New Jersey,Ridgefield Park,Interstate 95 and Wilnant Avenue,2,0,N/A
7/30/2016,Missouri,Bridgeton,3642 Harmann Estates Court,4,0,N/A
7/30/2016,Colorado,Denver,1800 block of South Knox Court,2,0,N/A
7/29/2016,Texas,Conroe,15596 N Fwy Service Road,2,0,N/A
7/28/2016,Georgia,Gainesville,10 Third Street,2,0,N/A
7/28/2016,Tennessee,Buchanan,Buchanan Road,2,0,N/A
7/27/2016,Florida,Fort Lauderdale (Dania Beach),W Dania Beach Blvd and SW 8th Ave,2,1,N/A
7/27/2016,Virginia,Fairfax,Fairfax Hunt Road,2,0,N/A
7/26/2016,Utah,Salt Lake City,561 N. Center Street,2,0,N/A
7/26/2016,Arizona,Gilbert,17700 block of East Prescott Place,3,0,N/A
7/26/2016,Texas,Kennedale,1000 block of Belmont Drive,2,0,N/A
7/26/2016,Pennsylvania,Darlington,100 block of County Line Road,2,0,N/A
7/24/2016,Michigan,Lake Odessa,2500 block of Vedder Road,2,0,N/A
7/23/2016,Florida,Miami,3600 block of Northwest Second Street,2,1,N/A
7/23/2016,Texas,Bastrop,202 Childers Drive,4,1,N/A
7/22/2016,California,Bakersfield,500 block of El Tejon Avenue,3,0,N/A
7/20/2016,Alabama,Tallassee,7000 block of Upper River Road,2,0,N/A
7/20/2016,Mississippi,Monticello,N/A,2,0,N/A
7/18/2016,Hawaii,Lihue,1970 Hanalima St,2,0,N/A
7/18/2016,Delaware,New Castle,260 Christiana Road,2,0,N/A
7/18/2016,Georgia,Douglasville,Malone Road,2,0,N/A
7/17/2016,Georgia,Smyrna,400 block of Concord Lane,2,0,N/A
7/17/2016,Louisiana,Sulphur,Dahlia Lane,2,0,N/A
7/16/2016,Virginia,Hallwood,Pierce Taylor Road,2,0,N/A
7/15/2016,Kansas,Wichita,1500 block of Goebel Circle,2,0,N/A
7/13/2016,Texas,Nacogdoches,500 block of Tangleberry Street,2,0,N/A
7/9/2016,West Virginia,Kearneysville,N/A,2,0,N/A
7/7/2016,Florida,Punta Gorda,1200 block of Royal Tern Drive,2,0,N/A
7/7/2016,Florida,Jacksonville,10300 block of East Shark Road,2,0,N/A
7/6/2016,Kansas,Wichita,1770 S. Rock Road,2,0,N/A
7/6/2016,Washington,Puyallup,1300 block of 18th Street Northwest,2,0,N/A
7/6/2016,New Jersey,Carlstadt,505 Union Street,2,0,N/A
7/3/2016,New York,Brooklyn,526 Central Ave,2,0,N/A
7/3/2016,Texas,Killeen,4102 Watercrest Road,2,0,N/A
7/2/2016,Alaska,Anchorage,3700 block of Richmond Avenue,2,0,N/A
7/2/2016,Texas,Fresno,1800 block of Purple Cherry Lane,2,0,N/A
7/2/2016,Ohio,Springboro,1300 block of Whispering Woods Ln,2,1,N/A
7/2/2016,Louisiana,New Orleans,6000 block of Chartres Street,2,0,N/A
7/1/2016,Arizona,Tucson,N Iron Ridge Drive,3,0,N/A
7/1/2016,Missouri,Belton,Highway 58 and Congress Avenue,2,0,N/A
7/1/2016,Louisiana,Tickfaw,Ewing Drive,2,0,N/A
6/30/2016,New York,Brooklyn,10 Forrest Street,1,1,N/A
6/29/2016,Nevada,Las Vegas,6100 block of West Lake Mead Boulevard,5,0,N/A
6/29/2016,Indiana,Dale,N/A,2,0,N/A
6/28/2016,Texas,Aransas Pass,1700 block of West Highland Avenue,3,0,N/A
6/28/2016,Maryland,Allegany (county),11000 block of Mt. Savage Road,2,0,N/A
6/28/2016,Colorado,Denver,1536 Wynkoop,2,0,N/A
6/26/2016,Idaho,Rupert,N/A,2,0,N/A
6/24/2016,Pennsylvania,Johnstown,215 Grove Avenue,3,0,N/A
6/21/2016,Tennessee,Memphis,Kemper Drive,2,1,N/A
6/18/2016,Illinois,Chicago,1400 block of East 54th,2,0,N/A
6/14/2016,New Jersey,Jersey City,Summit Avenue,2,0,N/A
6/13/2016,Missouri,Carthage,N/A,2,0,N/A
6/12/2016,Texas,Lancaster,2700 block of Pioneer Lane,1,0,N/A
6/11/2016,California,Panorama City,8500 block of Cedros Avenue,3,2,N/A
6/10/2016,Florida,Winter Haven,4019 Vista Del Lago Drive,2,0,N/A
6/5/2016,Michigan,Battle Creek,100 block of McAlister Road,2,0,N/A
6/5/2016,Kentucky,Vanceburg,430 Quicks Run Road,2,0,N/A
6/3/2016,Ohio,Hillsboro,Trenton Street,2,0,N/A
6/1/2016,Nevada,Las Vegas,10300 block of Wood Owl Court,3,0,N/A
5/31/2016,Indiana,Fort Wayne,2500 block of Brooklyn Avenue,2,1,N/A
5/31/2016,Louisiana,Bossier City,3900 Block of Stuart Avenue,2,0,N/A
5/30/2016,California,La Habra,600 block of North Fonda Street,2,0,N/A
5/29/2016,Florida,Miami (Kendall),12958 Southwest 50th Lane,2,0,N/A
5/27/2016,New York,Wallkill,559 Fifth Avenue,3,0,N/A
5/19/2016,Florida,Jacksonville,300 Silver Creek Trace,2,0,N/A
5/17/2016,New York,Bronx,Outlook Avenue,2,0,N/A
5/16/2016,Ohio,Cincinnati,6100 block of Hamilton Avenue,2,0,N/A
5/15/2016,Colorado,Pueblo,Ironbridge Lane,2,0,N/A
5/15/2016,Illinois,Chicago,I-90/94 and Armitage Avenue,2,0,N/A
5/12/2016,Florida,Ocala,8747 Southwest 93rd Place,2,0,N/A
5/10/2016,Texas,San Antonio,10987 US-181,2,0,N/A
5/9/2016,Texas,San Antonio,11000 block of U.S. Highway 181,2,0,N/A
5/8/2016,Idaho,Boise,N/A,2,0,N/A
5/5/2016,Nevada,North Las Vegas,3901 North Martin Luther King  Boulevard,2,2,N/A
5/3/2016,Florida,Green Cove Springs,3670 Clubhouse Drive,4,0,N/A
5/2/2016,Texas,Springtown,3000 block of East Highway 199,2,0,N/A
4/30/2016,Illinois,Homer Glen,16900 block of Meadow Crest Drive,2,0,N/A
4/29/2016,Indiana,Indianapolis,300 block of North Addison Street,2,0,N/A
4/29/2016,Indiana,Indianapolis,3000 block of East 38th Street,2,0,N/A
4/29/2016,Iowa,Danville,14733 Lynx Road,3,0,N/A
4/29/2016,Louisiana,Raceland,4182 La. 1,2,0,N/A
4/29/2016,Florida,Port Charlotte,3232 Tamiami Trail,2,0,N/A
4/29/2016,Florida,Saint Petersburg (St Petersburg),700 35th Avenue North,2,0,N/A
4/28/2016,Louisiana,Sulphur,La 27 South,2,0,N/A
4/28/2016,New Mexico,Las Cruces,N/A,2,0,N/A
4/26/2016,Texas,San Antonio,9514 Bertram Street,3,0,N/A
4/25/2016,Georgia,Locust Grove,3300 block of Bill Gardner Parkway,3,0,N/A
4/23/2016,Washington,Graham,19400 block of 91st Avenue East,2,0,N/A
4/22/2016,Minnesota,Anoka (Ramsey),16200 block of Azurite Street N.W.,2,0,N/A
4/22/2016,Georgia,Appling,3162 Johnson Drive,6,0,N/A
4/21/2016,New Mexico,Silver City,1304 Serrina Court,2,0,N/A
4/19/2016,Florida,Port Charlotte,4000 Kings Highway,2,0,N/A
4/19/2016,Texas,Katy,1318 Longdraw Drive,4,0,N/A
4/19/2016,Michigan,Saint Joseph,3100 block of Wyndwicke Drive,2,0,N/A
4/18/2016,Florida,Cocoa,714 South Georgia Avenue,2,0,N/A
4/18/2016,Florida,Deltona,Interstate 4,3,0,N/A
4/17/2016,Wisconsin,Mason,60295 Stuart Rd,2,0,N/A
4/16/2016,Texas,Montgomery (county),San Saba Way and Comanche Circle,2,0,N/A
4/14/2016,Nebraska,Lincoln,5831 Enterprise Drive,2,0,N/A
4/12/2016,Nevada,Las Vegas,Charleston Boulevard and Mojave Road,2,0,N/A
4/12/2016,Texas,Southlake,400 block of Thistle Court,2,0,N/A
4/2/2016,Nebraska,Columbus,N/A,2,0,N/A
4/1/2016,Michigan,Lake Orion (Orion Township),3000 block of Kelsey Boulevard,2,0,N/A
4/1/2016,Florida,Kissimmee (Poinciana),627 Koala Court,2,1,N/A
4/1/2016,New Mexico,Albuquerque,4565 San Mateo Blvd NE,3,1,N/A
3/31/2016,Florida,Saint Petersburg (St Petersburg),3328 21st Street North,2,0,N/A
3/30/2016,Arizona,Scottsdale,8550 East McDowell Road,2,0,N/A
3/29/2016,Florida,West Palm Beach,2050 North Congress Avenue,1,1,N/A
3/29/2016,New York,Orchard Park,6 Queens Place,2,0,N/A
3/27/2016,Florida,Orlando,449 Pepin Drive,2,0,N/A
3/25/2016,Connecticut,Bethel,11 Governors Lane,2,1,N/A
3/25/2016,Indiana,Fountain City,300 block of North Walnut Street,2,0,N/A
3/25/2016,Montana,Silver Bow (county),Wild Horse Meadows Road,2,0,N/A
3/22/2016,New York,Nichols,2359 West River Road,2,0,N/A
3/21/2016,Texas,Sherman,2600 block of Rivercrest Drive,4,0,N/A
3/20/2016,Kentucky,Louisville,13120 Saratoga Springs Place,4,0,N/A
3/19/2016,Ohio,Hudson,7000 block of Ravenna Road,2,0,N/A
3/18/2016,New Jersey,Bergenfield,West Clinton Avenue,2,0,N/A
3/17/2016,Florida,Hialeah,1280 West 62nd Street,2,1,N/A
3/16/2016,Texas,Pilot Point,300 block of South Church Street,2,0,N/A
3/15/2016,Florida,Bradenton,12600 block of Daisy Place,2,1,N/A
3/14/2016,New Jersey,Jersey City,Monitor Street,2,0,N/A
3/11/2016,Illinois,Chicago (Chicago Lawn),3000 block of West 60th Street,2,0,N/A
3/11/2016,Texas,San Antonio,7600 block of Ivory Creek,2,0,N/A
3/11/2016,Montana,Bozeman,341 Golden Trout Way,3,0,N/A
3/10/2016,Ohio,Fairfield,3200 block of Springcrest Drive,2,0,N/A
3/7/2016,Nevada,Las Vegas,4000 block of Browndeer Circle,2,0,N/A
3/4/2016,Florida,Panama City Beach,213 San Gabriel Street,2,0,N/A
2/27/2016,Colorado,Commerce City,9700 block of Joliet Circle,2,0,N/A
2/26/2016,Washington,Belfair,300 block of Horseshoe Rd.,5,0,N/A
2/26/2016,Ohio,Cincinnati (Mount Airy),West North Bend Road,2,0,N/A
2/21/2016,New York,Geneva,372 Exchange Street,2,0,N/A
2/21/2016,Indiana,Merrillville,3600 block of West 79th Avenue,3,0,N/A
2/17/2016,Indiana,Zionsville,6833 Old Hunt Club Rd,3,0,N/A
2/17/2016,South Carolina,Columbia,100 block of Amsterdam Drive,2,0,N/A
2/16/2016,Maryland,Middle River,700 block of Northrop Lane,2,0,N/A
2/14/2016,Georgia,Warner Robins,227 Tyson Glen Drive,2,0,N/A
2/12/2016,Virginia,Roanoke,1900 block of Pinewood Drive,2,0,N/A
2/12/2016,Nebraska,Omaha,2511 N. 140th Street,3,0,N/A
2/12/2016,Texas,Kerrville,2500 block of Goat Creek Road,3,0,N/A
2/11/2016,New York,Spring Valley,2 Deerwood Road,2,0,N/A
2/11/2016,Pennsylvania,Carmichaels,240 March Avenue,2,0,N/A
2/11/2016,Indiana,Merrillville,5200 block of Adams Street,2,0,N/A
2/10/2016,Alabama,Trussville,North Lake Drive,2,0,N/A
2/9/2016,New York,Latham,35 Schalren Drive,3,0,N/A
2/6/2016,Texas,Uvalde,County Road 369,4,0,N/A
2/3/2016,Virginia,Richmond,2400 of Burton Street,2,0,N/A
2/2/2016,Texas,Harris (county),Crooks Way,2,0,N/A
1/30/2016,Florida,Orlando,6600 block of Mission Club Boulevard,2,0,N/A
1/29/2016,Pennsylvania,Hermitage,2700 block of Sample Road,2,0,N/A
1/29/2016,Virginia,Woodford,14395 Jefferson Davis Highway,2,2,N/A
1/28/2016,Florida,Homestead,127 Northeast 27th Terrace,2,1,N/A
1/27/2016,Virginia,Chesapeake,1401 N. George Washington Hwy,6,0,N/A
1/19/2016,Missouri,Sikeston,1206B Lawrence Drive,2,0,N/A
1/19/2016,California,Petaluma,North McDowell Boulevard,2,0,N/A
1/17/2016,Texas,Corpus Christi,5900 block of Ayers Street,2,0,N/A
1/16/2016,Massachusetts,Waltham,294 Forest Street,2,0,N/A
1/14/2016,Illinois,Bridgeview,7400 block of Beloit Avenue,2,0,N/A
1/10/2016,Virginia,Leesburg,19200 block of Winmeade Drive,2,0,N/A
1/8/2016,North Carolina,Pinehurst,26 Edinburgh Lane,2,0,N/A
1/6/2016,Colorado,Littleton,5500 block of S. Grant Street,2,0,N/A
1/6/2016,Georgia,Buford,1800 block of Beyers Landing Drive,2,0,N/A
1/6/2016,Texas,Katy,3000 block of Meadowfield,2,0,N/A
1/2/2016,Indiana,Schererville,248 W. Lincoln Highway,2,0,N/A
1/1/2016,Wisconsin,Cudahy,3700 block of E. Whittaker Ave,2,0,N/A
1/1/2016,Florida,Fort Lauderdale (Tamarac),5815 North University Drive,2,1,N/A
12/28/2015,Utah,Orem,1757 Village Lane,2,0,N/A
12/25/2015,New Jersey,Edgewater,100 Tower Drive,3,0,N/A
12/24/2015,Wisconsin,Ashland,300 block of Willis Avenue,3,0,N/A
12/24/2015,Georgia,Colbert,Farm Road,2,0,N/A
12/21/2015,Colorado,Rye,8200 block of Kinnikinic Avenue,2,0,N/A
12/21/2015,Tennessee,Nashville,2817 Vista Lane,3,0,N/A
12/18/2015,Kentucky,Winchester,400 Shoppers Drive,2,0,N/A
12/15/2015,Louisiana,Independence,54503 Old Highway 51,3,0,N/A
12/15/2015,Washington,Spokane,2807 W. Upton Ave,2,0,N/A
12/13/2015,Texas,Trinity,N/A,2,0,N/A
12/11/2015,Georgia,Maysville,Maysville Road,2,0,N/A
12/11/2015,Washington,Kennewick,2639 S. Kellogg St.,3,0,N/A
12/9/2015,Maryland,Severn,1200 block of Old Camp Meade Road,2,0,N/A
12/9/2015,New York,Staten Island,19 Spruce Lane,2,0,N/A
12/4/2015,Indiana,Beech Grove,79 S. 5th Avenue,2,0,N/A
12/3/2015,Georgia,Savannah,2200 block of Iowa Street,2,0,N/A
12/3/2015,New York,Brooklyn,298 East 91st Street,2,1,N/A
12/1/2015,New York,North Tonawanda,51 Jesella Drive,2,0,N/A
12/1/2015,Texas,Katy,5000 block of Moss Garden,2,1,N/A
11/30/2015,Texas,Amarillo,5000 Southwest 45th Avenue,2,0,N/A
11/28/2015,Georgia,Savannah,Edgewater and Montgomery Cross Road,2,0,N/A
11/26/2015,Michigan,Marquette,2300 block of Moran St,3,0,N/A
11/25/2015,Connecticut,Killingworth,8 Route 148,2,0,N/A
11/25/2015,Nebraska,Ogallala,N/A,2,0,N/A
11/24/2015,Colorado,Colorado Springs,3200 block of Paseo Road,2,0,N/A
11/21/2015,New York,Goshen,7 Finnegan Lane,2,0,N/A
11/16/2015,Florida,Palm Beach Gardens,3000 block of Alcazar Place,2,0,N/A
11/13/2015,Florida,Jacksonville,1300 block of South Shirley Oaks Drive,4,1,N/A
11/12/2015,Tennessee,Mc Donald,100 block of Clear Lake Rd,2,0,N/A
11/10/2015,New York,Diamond Point,Thunderbird Rd,2,0,N/A
11/5/2015,Georgia,Acworth,Archer Place,1,1,N/A
11/5/2015,Georgia,Dawsonville,Harbour Drive,2,0,N/A
11/3/2015,Oklahoma,Oklahoma City,3100 block of N.W. 21st,2,0,N/A
11/1/2015,Missouri,Saint Louis,900 block of Hamilton Avenue,2,0,N/A
10/30/2015,Florida,Miami,4300 block of Northwest South Tamiami Canal Drive,2,0,N/A
10/28/2015,Washington,Mountlake Terrace,23200 48th Ave W,2,0,N/A
10/28/2015,Tennessee,Sparta,Eastland Road,2,0,N/A
10/27/2015,Oregon,Eugene,Compton Street,2,0,N/A
10/26/2015,New York,Bronx,320 East 159th Street,2,0,N/A
10/26/2015,Tennessee,Jackson,James Street,2,0,N/A
10/25/2015,New York,Strykersville (Sheldon),Route 78,2,0,N/A
10/25/2015,Tennessee,Monterey,East Williams Street,2,0,N/A
10/25/2015,New Jersey,Voorhees,3000 block of Evesham Road,2,0,N/A
10/25/2015,Maryland,Upper Marlboro (Largo),300 block of Joycetown Way,2,0,N/A
10/23/2015,Georgia,Oxford,275 Deer Trail,2,0,N/A
10/21/2015,New York,Sloatsburg,3 Adam Court,2,0,N/A
10/12/2015,Alabama,Huntsville,Pulaski Pike,2,0,N/A
10/12/2015,Connecticut,Hartford,1020 Broad Street,2,0,N/A
10/11/2015,California,Torrance,180th Place,2,0,N/A
10/9/2015,Texas,Fort Worth,14100 Trinity Boulevard,2,0,N/A
10/6/2015,Nevada,Henderson,10 block of Via Paradiso,2,0,N/A
10/6/2015,Tennessee,Knoxville,4908 Bradshaw Road,2,0,N/A
9/30/2015,Missouri,Independence,800 block of S. Ash Avenue,2,0,N/A
9/27/2015,Georgia,Eatonton,Dennis Station Road,2,0,N/A
9/25/2015,Texas,Pearland,1100 block of Brookhaven Court,2,0,N/A
9/23/2015,Texas,Spring,211 North Wynnoak Circle,2,0,N/A
9/22/2015,Nevada,Sparks,1000 block of 15th Street,2,0,N/A
9/22/2015,Rhode Island,Newport,King and Williams Streets,2,0,N/A
9/22/2015,Virginia,Bowling Green,18080 A P Hill Blvd,2,0,N/A
9/20/2015,Ohio,Avon,3341 Sandy Lane,2,0,N/A
9/19/2015,Connecticut,Canaan (North Canaan),1 Mountain View Lane,2,1,N/A
9/19/2015,North Carolina,Charlotte,5600 block of Mount Holly-Huntersville Road,2,1,N/A
9/18/2015,Washington,Lacey,510 Dutterow Road SE,2,0,N/A
9/18/2015,Georgia,Douglas,North McDonald Avenue,2,1,N/A
9/15/2015,Washington,Poulsbo,16000 block of Orweiler Lane NW,2,0,N/A
9/11/2015,Illinois,Galesburg,164 S. Dietrich Ave,2,0,N/A
9/11/2015,Kentucky,Richmond,Blackwell Court,2,0,N/A
9/11/2015,Virginia,Norfolk,2400 block of Dominion Avenue,2,0,N/A
9/10/2015,Minnesota,Excelsior (Greenwood),Channel Drive,5,0,N/A
9/8/2015,Washington,Manson,1000 block of Ivan Morse Road,4,0,N/A
9/8/2015,Colorado,Colorado Springs,Montrose Avenue,2,0,N/A
9/7/2015,West Virginia,Athens,Red Sulphur Turnpike,2,0,N/A
9/6/2015,Indiana,Columbus,5100 block of North Lincoln Village Drive,2,0,N/A
9/2/2015,Ohio,Galena,6000 block of Falling Meadows Drive,2,0,N/A
8/31/2015,Mississippi,Pascagoula,Chicot Street,2,0,N/A
8/30/2015,Louisiana,Houma,505 Forest Boulevard,2,0,N/A
8/28/2015,Oregon,Eugene,2132 McLean Boulevard,2,0,N/A
8/28/2015,Georgia,Lawrenceville,415 Lawrenceville Circle,2,1,N/A
8/27/2015,Indiana,Henry (county),5500 block of West Old National Road,3,0,N/A
8/23/2015,Rhode Island,Providence,100 Broad Street,2,0,N/A
8/17/2015,Utah,Salt Lake City (West Valley City),3488 S. Park Vista Drive,2,0,N/A
8/16/2015,Virginia,Vansant,1009 Squire Oak Road,2,0,N/A
8/16/2015,New Jersey,Warren,232 Mount Horeb Road,3,0,N/A
8/14/2015,Illinois,Chicago,179 West Van Buren Street,2,0,N/A
8/12/2015,Ohio,Springfield,Moonlight Drive,2,0,N/A
8/12/2015,Indiana,Portage,3027 Edith St,2,0,N/A
8/10/2015,Kansas,Wichita,2600 block of North Minnesota Court,2,1,N/A
8/9/2015,Kansas,Dodge City,1905 North 14th Avenue,3,0,N/A
8/9/2015,Texas,Killeen,5900 block of Cobalt Lane,3,0,N/A
8/8/2015,North Carolina,Statesville,162 Trent Road,3,0,N/A
8/5/2015,Louisiana,Labadieville,2702 Highway 308,2,0,N/A
8/4/2015,Maryland,Germantown,20512 N. Frederick Road,2,0,N/A
8/3/2015,Connecticut,East Haven,82 Foxon Boulevard,2,0,N/A
8/3/2015,Nevada,Las Vegas,1300 block of South Mojave Road,2,0,N/A
8/2/2015,Washington,Puyallup,11200 block of 71st Ave. Ct. E.,2,0,N/A
8/1/2015,South Carolina,Greer,Biblebrook Drive,2,0,N/A
7/31/2015,Tennessee,Memphis,7900 block of Elm Leaf Drive,2,0,N/A
7/31/2015,Wisconsin,Arkdale (Big Flats),931A East Trout Valley Road,2,0,N/A
7/28/2015,California,Moreno Valley,11000 block of Miners Trail,2,0,N/A
7/24/2015,Arkansas,Rogers,E. New Hope Rd,2,0,N/A
7/23/2015,North Carolina,Jacksonville,206 Nere Lane,2,0,N/A
7/23/2015,Washington,Shelton,700 block of East Road of Tralee,2,0,N/A
7/22/2015,Georgia,Suwanee,5500 block of Old Atlanta Road,5,0,N/A
7/19/2015,Georgia,Cairo,499 Jordon Road,2,0,N/A
7/18/2015,Ohio,North Ridgeville,Laurel Circle,2,0,N/A
7/18/2015,New York,Buffalo (Amherst),237 Ransom Oaks Drive,2,0,N/A
7/18/2015,Illinois,Chicago,4600 block of North Kostner,3,0,N/A
7/17/2015,Oklahoma,Norman,3300 Healthplex Parkway,2,0,N/A
7/17/2015,South Carolina,Greenville,501 Mapleton Dr,2,0,N/A
7/14/2015,Massachusetts,Lawrence,Park Street,2,0,N/A
7/14/2015,Washington,Vancouver (Hazel Dell),2614 NE 98th St.,3,0,N/A
7/11/2015,Oregon,Eugene,Teralee Lane,2,0,N/A
7/8/2015,Georgia,Dawsonville,200 block of Maple Hill Drive,2,0,N/A
7/6/2015,Illinois,Pekin,1307 Monroe St,2,0,N/A
7/5/2015,South Carolina,Rock Hill,985 Dunlap Roddey Road,4,0,N/A
7/4/2015,Maine,Boothbay Harbor,236 Lakeside Drive,3,0,N/A
7/4/2015,Georgia,Atlanta (Chamblee),2279 Dresden Dr,2,0,N/A
7/2/2015,Pennsylvania,Dillsburg,9 N U.S. 15,2,0,N/A
7/2/2015,North Carolina,Alamance (county),Walker Road,2,0,N/A
6/30/2015,Idaho,Nampa,507 West Cornwall Drive,2,0,N/A
6/29/2015,Ohio,Highland (county),Muskie Drive,2,0,N/A
6/26/2015,Tennessee,Martin,TN 431,2,0,N/A
6/25/2015,Michigan,Sterling Heights,3000 block of Polo Circle,2,0,N/A
6/22/2015,Missouri,Douglas (county),Route AJ,2,0,N/A
6/21/2015,Utah,Roy,2106 W. 4750 South,4,0,N/A
6/16/2015,Kentucky,Edmonton,4670 Subtle Rd,2,0,N/A
6/14/2015,Florida,Jacksonville,12800 block of Dunn Creek Road,2,0,N/A
6/12/2015,Michigan,Melvindale,3600 block of Caryn Street,2,0,N/A
6/10/2015,Washington,Everson,8257 Carl Rd,2,0,N/A
6/7/2015,Washington,Auburn,31300 block of 122nd Ct SE,2,0,N/A
6/7/2015,Utah,Salt Lake City (Murray),224 E. Vantana Court,3,0,N/A
6/5/2015,South Carolina,Leesville,432 Truex Road,2,0,N/A
6/3/2015,Pennsylvania,Berwick,239 Bowers Rd,2,0,N/A
6/3/2015,Illinois,Chicago,1500 block of West Chase Avenue,1,0,N/A
6/2/2015,Arizona,Mesa,University Drive and Greenfield Road,1,0,N/A
5/31/2015,North Dakota,West Fargo,1000 block of Parkway Lane,2,0,N/A
5/31/2015,Wisconsin,Edgewater,16742 North Knutson Lake Road,2,0,N/A
5/31/2015,Ohio,Cleveland,16209 block of Laverne Avenue,3,1,N/A
5/31/2015,Georgia,Conyers,4669 Bell Road SE,3,2,N/A
5/29/2015,Michigan,Novi,30995 Springlake Blvd,2,0,N/A
5/28/2015,Virginia,Rockbridge (county),700 block of Longhollow Road,2,0,N/A
5/27/2015,Georgia,Hiram,200 block of Baywood Way,2,0,N/A
5/22/2015,Georgia,Covington,10112 Wellington Ridge Drive,2,0,N/A
5/21/2015,Texas,Kingwood,5400 block of Knoll Terrace,2,0,N/A
5/20/2015,Missouri,Springfield,2541 West Madison Street,2,0,N/A
5/20/2015,Oregon,Grants Pass,1103 N.W. Sunset Drive,2,0,N/A
5/20/2015,Illinois,Villa Park,200 block of Julia Drive,2,0,N/A
5/19/2015,North Carolina,Gastonia,Archie Road at Omega Drive,3,0,N/A
5/17/2015,Georgia,Baldwin,2300 block of Georgia Highway 198,2,0,N/A
5/16/2015,Georgia,Atlanta,3000 block of Deerborne Court,2,0,N/A
5/15/2015,Virginia,Stafford,305 Garrison Woods Drive,2,0,N/A
5/13/2015,New York,Brooklyn,2065 Dean Street,2,0,N/A
5/13/2015,Alaska,Anchorage,500 block of East 74th Avenue,4,0,N/A
5/9/2015,Indiana,Valparaiso,189 S. County Road 75 East,2,0,N/A
5/8/2015,Oklahoma,Oklahoma City,2428 NW 11,2,0,N/A
5/6/2015,Montana,Missoula,314 Brooks Street,3,0,N/A
5/3/2015,Michigan,Dearborn,7500 block of Indiana,2,0,N/A
5/1/2015,Illinois,Chicago,8000 block of South Princeton Avenue,2,0,N/A
5/1/2015,California,Warner Springs,30618 Chihuahua Valley Road,3,0,N/A
4/30/2015,New York,Mastic Beach,203 Woodside Drive,2,0,N/A
4/30/2015,Texas,Laredo,9800 block of Sweetwind Dr.,2,0,N/A
4/26/2015,Texas,Houston,7000 block of Capitol Street,2,0,N/A
4/23/2015,Kentucky,Louisville,2900 block of Tucker Road,2,0,N/A
4/23/2015,Georgia,Dalton,3896 Cleveland Hwy,3,0,N/A
4/21/2015,Ohio,Cleveland,7000 block of Memphis Avenue,3,0,N/A
4/17/2015,Washington,Bonney Lake,19900 block of Rhododendron Drive,2,1,N/A
4/16/2015,Arizona,Phoenix,4300 block of East Anderson Drive,5,0,N/A
4/14/2015,Tennessee,Lafayette,Hanna Drive,2,0,N/A
4/6/2015,Virginia,Ashburn,43100 block of Rockfield Court,2,0,N/A
4/5/2015,North Carolina,Charlotte,4600 block of Perth Court,2,0,N/A
4/3/2015,Michigan,Lenox Township,63000 block of Place Road,2,0,N/A
4/1/2015,Florida,Margate,2587 Northwest 62nd Avenue,2,0,N/A
4/1/2015,Oklahoma,Tulsa,18600 block of East 49th Street,4,0,N/A
3/29/2015,New York,Cicero,8213 Hoyt Farm,2,0,N/A
3/28/2015,New Hampshire,Bedford,17 McAfee Farm Road,3,0,N/A
3/28/2015,Texas,Fort Worth,7400 block of Beaty St.,2,0,N/A
3/27/2015,Virginia,Virginia Beach,1100 block of Old Virginia Beach Road,2,0,N/A
3/25/2015,Tennessee,Memphis,East Shelby Drive and Elvis Presley Boulevard,2,0,N/A
3/23/2015,Tennessee,Jackson,132 West University Parkway,2,0,N/A
3/22/2015,Alaska,Kenai,Alpine Drive and Borgen Avenue,4,0,N/A
3/22/2015,Pennsylvania,Holland,Lempa Road,2,0,N/A
3/19/2015,Wisconsin,Pleasant Prairie,1808 128th Street,2,0,N/A
3/19/2015,Maryland,Knoxville,600 block of Valley Road,3,0,N/A
3/18/2015,Massachusetts,Framingham,154 Second Street,2,0,N/A
3/18/2015,Texas,San Antonio,8200 block of Montgomery Oak,2,0,N/A
3/17/2015,Connecticut,Durham,73 Main Street,2,0,N/A
3/16/2015,Missouri,Springfield,3660 South Cox Road,3,0,N/A
3/12/2015,Ohio,New Franklin,5800 block of Canterbury Drive,2,0,N/A
3/11/2015,Texas,Irving,3800 block of Ranier St.,3,0,N/A
3/11/2015,Louisiana,Slidell,Meadow Lake Dr.,2,0,N/A
3/9/2015,Texas,Taylor,N/A,2,0,N/A
3/8/2015,Illinois,Chicago,6500 block of South Kimbark Avenue,2,0,N/A
3/6/2015,Wisconsin,Hull,1496 Larry's Drive,2,0,N/A
3/6/2015,New York,Corona (Queens),147-24 Beech Avenue,2,0,N/A
3/5/2015,South Carolina,Pendleton,400 West Queen Street,2,0,N/A
3/5/2015,Illinois,University Park,700 block of Red Oak,2,0,N/A
3/2/2015,Georgia,Cartersville (Euharlee),Winchester Dr,2,0,N/A
2/28/2015,Tennessee,Perry County,Cypress Creek Cove,2,0,N/A
2/27/2015,Washington,Bonney Lake,20400 block of Rhododendron Drive East,2,0,N/A
2/26/2015,Tennessee,Memphis,Mt. Moriah Road and Mendenhall Road,3,0,N/A
2/24/2015,Iowa,Cedar Rapids,731 Memorial Drive SE,2,0,N/A
2/24/2015,Arkansas,Boone County,Floyd Lee Road,2,0,N/A
2/24/2015,Ohio,Cleveland,10600 block of Grantwood Avenue,1,1,N/A
2/23/2015,Tennessee,Memphis,200 block of West Frank Avenue,2,0,N/A
2/22/2015,Pennsylvania,Milford,Green Acres Ln,2,0,N/A
2/22/2015,Michigan,Wyoming,Byron Center Avenue SW and Porter Street,2,0,N/A
2/18/2015,Utah,Orem,475 E. 950 North,2,0,N/A
2/15/2015,New York,Wading River,27 12th Street,3,0,N/A
2/15/2015,North Carolina,China Grove,579 Eudy Road,2,0,N/A
2/14/2015,Kentucky,Georgetown,151 Cherry Hill Drive,2,0,N/A
2/13/2015,Missouri,Saint Louis,4400 block of Chippewa Street,2,0,N/A
2/12/2015,Missouri,Willard,North Arrowhead Road,2,0,N/A
2/11/2015,New Mexico,Rio Rancho,Southern Boulevard SE and Country Club Drive SE,2,0,N/A
2/10/2015,Indiana,Paoli,500 block of North Helm Street,3,0,N/A
2/8/2015,South Carolina,Wadmalaw Island,1429 Richard McLoud Lane,3,0,N/A
2/7/2015,Georgia,Douglasville,3640 Willow Tree Circle,5,2,N/A
2/7/2015,Utah,Logan,1830 Canyon Ridge Drive,2,0,N/A
2/6/2015,Alaska,Anchorage,1717 Cache Drive,2,1,N/A
2/5/2015,Tennessee,Bon Aqua,Moss Branch Road,2,0,N/A
2/5/2015,Tennessee,Bon Aqua,Moss Branch Road,2,0,N/A
2/4/2015,North Carolina,Stokes County,1340 Ralph Boyles Road,4,0,N/A
2/3/2015,Ohio,Dundee,6836 SR 93 NW,2,0,N/A
2/2/2015,Ohio,Sardinia,6500 block of Stephan Road,2,0,N/A
2/1/2015,Ohio,Oxford,3700 block of Southpointe Parkway,2,0,N/A
1/29/2015,Pennsylvania,Pittsburgh,N. Craig Street,2,0,N/A
1/27/2015,Maine,Fryeburg,West Fryeburg Road,2,0,N/A
1/25/2015,Kentucky,Mccreary County,2800 block of Eagle Sawyer Road,2,0,N/A
1/24/2015,Virginia,Fishersville,339 Westminister Drive,2,0,N/A
1/24/2015,New York,Arverne (Queens),231-11 148th Avenue,4,1,N/A
1/24/2015,California,Newman,Villa Manucha Rd and Kilburn Rd,2,1,N/A
1/21/2015,New York,Manhattan,255 West 43rd Street,2,0,N/A
1/20/2015,California,San Diego,9500 block of High Park Lane,3,0,N/A
1/17/2015,Florida,Melbourne,1700 West New Haven Avenue,2,1,N/A
1/15/2015,New Jersey,Nutley,300 block of Hillside Avenue,2,0,N/A
1/15/2015,Tennessee,Taft,Coldwater Creek Road,2,0,N/A
1/15/2015,Nevada,Las Vegas,Veneroso Street,2,0,N/A
1/14/2015,Georgia,Lagrange,3000 block of Roanoke Road,2,0,N/A
1/5/2015,Georgia,Augusta,Walton Way,2,0,N/A
1/1/2015,California,Modesto,Sharilyn Drive,4,0,N/A
1/1/2015,Georgia,Tybee Island,Estill Hammock Road,2,0,N/A
12/30/2014,New Hampshire,Dover,789 Central Avenue,2,0,N/A
12/28/2014,Texas,Crowley,200 block of Kennedy Dr,3,0,N/A
12/28/2014,Virginia,York (county),300 block of Monument Court,2,0,N/A
12/25/2014,Florida,Ocala,Southwest 131st Lane,3,0,N/A
12/24/2014,Arkansas,Harrison,E Bunn Ave,2,0,N/A
12/24/2014,Illinois,Warsaw,245 Underwood,2,0,N/A
12/23/2014,Texas,Houston,7518 El Rancho,2,0,N/A
12/22/2014,Ohio,New Paris,7800 block of New Paris Gettysburg Road,2,1,N/A
12/22/2014,Michigan,Southfield,22200 block of Poinciana St,2,0,N/A
12/22/2014,Texas,San Antonio,200 block of Ada St.,2,0,N/A
12/18/2014,Florida,Largo,13156 Thoroughbred Loop,2,0,N/A
12/17/2014,Arkansas,Paris,148 Old Sandy Road,2,0,N/A
12/17/2014,North Carolina,Raleigh,9937 Huntwyck Drive,2,0,N/A
12/17/2014,Arkansas,Little Rock,1420 Breckenridge Drive,3,0,N/A
12/16/2014,Pennsylvania,Marianna,172 Patterson Run Road,2,0,N/A
12/16/2014,Connecticut,Cheshire,772 Cornwall Avenue,2,0,N/A
12/15/2014,Texas,Midland,403 Crenshaw Drive,2,0,N/A
12/11/2014,Pennsylvania,New Kensington (Lower Burrell),133 Clinton Ave,2,0,N/A
12/11/2014,Michigan,Saint Joseph,2946 Windsor Drive,2,0,N/A
12/10/2014,Mississippi,Perkinston,Vestry Rd and Highway 57,3,0,N/A
12/9/2014,Mississippi,Lee,156 County Road 521,2,0,N/A
12/8/2014,Oregon,Portland,7511 SE Lake Rd,2,0,N/A
12/8/2014,Virginia,Arlington,1200 block of North Kensington,2,0,N/A
12/8/2014,Nevada,Ely,1035 Ave I,2,0,N/A
12/8/2014,California,Los Angeles,340 Hauser Blvd,2,0,N/A
12/7/2014,Georgia,Young Harris,4478 Twiggs Rd,2,0,N/A
12/6/2014,Georgia,Metter,Highway 23 North,2,0,N/A
12/4/2014,New York,Utica,1103 Hart Street,2,0,N/A
12/4/2014,Missouri,Saint Louis,3800 block of Gustine,2,0,N/A
12/3/2014,Texas,Keller,800 block of Whitley Rd.,2,0,N/A
12/3/2014,Nevada,Las Vegas,9100 block of Firebird Drive,2,0,N/A
11/30/2014,Missouri,Imperial,5400 block of Old Lemay Ferry Road,2,0,N/A
11/27/2014,Maine,Gouldsboro,Grand Marsh Bay Road,2,0,N/A
11/27/2014,Missouri,Blue Springs,NE 23rd and Overland,2,0,N/A
11/27/2014,Oregon,Sherwood,17981 SW Cereghino Lane,2,1,N/A
11/25/2014,Ohio,Xenia,Church Street ,2,0,N/A
11/25/2014,Texas,Diboll,Glass Street,2,0,N/A
11/24/2014,North Carolina,Peachland,Horne Store Road,2,0,N/A
11/24/2014,Michigan,Southgate,Trenton and Eureka,2,0,N/A
11/24/2014,California,Oakland,6200 block of Broadway Terrace,2,0,N/A
11/23/2014,North Carolina,Waynesville,N/A,2,0,N/A
11/22/2014,South Dakota,Sisseton,Fourth Avenue,4,1,N/A
11/22/2014,North Carolina,Washington,Gallberry Road,2,0,N/A
11/22/2014,South Carolina,Aiken,611 Ashbury Drive,2,0,N/A
11/18/2014,North Carolina,Mount Gilead,1500 block of NC 109,2,1,N/A
11/18/2014,Texas,Red Rock,Farm to Market 86,2,0,N/A
11/15/2014,South Carolina,Dillon County,Forestdale Court,3,0,N/A
11/13/2014,Colorado,Evans,2400 block of Marina Street,2,1,N/A
11/11/2014,Washington,Buckley,600 block of Washington 162,2,0,N/A
11/11/2014,South Carolina,Columbia,1051 Southern Drive,2,0,N/A
11/10/2014,Ohio,Somerset,4200 Reading Township Road 146,2,0,N/A
11/10/2014,Oregon,Portland,6700 block of NE 25th Avenue ,2,0,N/A
11/8/2014,Massachusetts,Boston,45 Bowdoin St,2,0,N/A
11/7/2014,North Carolina,Pembroke,400 block of McMillian Road,2,0,N/A
11/6/2014,South Carolina,Chester,155 Wylie Street,2,0,N/A
11/6/2014,Tennessee,Kodak,4000 block of Bent Road,2,0,N/A
11/5/2014,Tennessee,Springfield,200 block of Clydesdale Lane,2,0,N/A
10/29/2014,Florida,Apopka,Apopka Boulevard,2,0,N/A
10/27/2014,Texas,Grimes County,10000 block of F.M. 244,2,0,N/A
10/26/2014,Missouri,Trenton,602 Grundy,2,0,N/A
10/26/2014,Georgia,Grantville,730 Roswell Lee Road,2,0,N/A
10/25/2014,Georgia,Lithonia,5000 block of Turnbridge Wells Road,2,0,N/A
10/24/2014,Pennsylvania,Lebanon,314 Old North Ninth Street,2,0,N/A
10/24/2014,North Carolina,Statesville,Fairdale Lane,2,0,N/A
10/23/2014,Colorado,Gunnison,421 Tincup Drive,2,0,N/A
10/21/2014,Michigan,Lansing,South Pennsylvania Avenue,2,0,N/A
10/20/2014,Texas,Ledbetter,U.S. Highway 290,3,0,N/A
10/19/2014,Texas,Houston,9523 Garden Bridge,2,0,N/A
10/19/2014,Virginia,Bristow,12700 block of Lednock Way,2,0,N/A
10/17/2014,Florida,Port Orange,1900 block of Jackson Lane,3,1,N/A
10/15/2014,Florida,Jacksonville,10010 Belle Rive Blvd.,2,0,N/A
10/15/2014,New Mexico,Albuquerque,Richmond SE,2,0,N/A
10/14/2014,Georgia,Peachtree Corners,6505 Bannor Lane,3,2,N/A
10/13/2014,Missouri,Caruthersville,902 Collins Avenue,2,1,N/A
10/10/2014,Kentucky,Cynthiana,Grays Run Pike,2,0,N/A
10/10/2014,California,San Francisco,500 block of Natoma Street ,2,0,N/A
10/8/2014,Virginia,Richmond,100 block of East Roanoke Street,4,0,N/A
10/6/2014,Ohio,Milford,Wolfpen Pleasant Hill Rd,2,0,N/A
10/5/2014,Indiana,Terre Haute,4000 block of North Creal Street,2,0,N/A
9/26/2014,Mississippi,Prentiss,6 Baggett Rd,2,0,N/A
9/25/2014,Texas,Corpus Christi,8000 block of Etienne Dr.,2,0,N/A
9/23/2014,Pennsylvania,Coal Center,157 Pine St,2,0,N/A
9/19/2014,Ohio,Cincinnati,1800 block of Adina Avenue,2,0,N/A
9/15/2014,Michigan,Taylor,26800 block of Beverly Road,2,0,N/A
9/14/2014,New Hampshire,Amherst,1 Meadow Lane,2,0,N/A
9/14/2014,Georgia,Mableton,6200 block of Sawtooth Oak Ct,2,0,N/A
9/13/2014,Wisconsin,Eaton,2986 S. Brown County T.,2,0,N/A
9/8/2014,Pennsylvania,Redding,N/A,2,0,N/A
9/6/2014,Alabama,Pleasant Grove,300 block of Eighth Street,3,0,N/A
9/5/2014,North Carolina,Sampson County,4901 Old Warsaw Road,2,0,N/A
9/3/2014,Ohio,Springfield,727 Burt Street,3,0,N/A
9/3/2014,California,Sacramento,6300 block of Glenhills Way ,2,0,N/A
9/2/2014,Tennessee,Memphis,East Raines Road,2,0,N/A
9/2/2014,Texas,Rockdale,1708 Murray Avenue,2,0,N/A
8/31/2014,Illinois,Elmhurst,600 block of Chatham,4,0,N/A
8/28/2014,Georgia,Lawrenceville,1200 block of Chris Lake Drive,2,0,N/A
8/26/2014,Michigan,Southfield,W Nine Mile Rd and Northwestern Hwy,2,0,N/A
8/24/2014,Indiana,Newburgh,8300 block of Spencer Drive,2,0,N/A
8/17/2014,Illinois,Chicago,400 block of West 104th Street,2,1,N/A
8/15/2014,Tennessee,Memphis,4029 Chinaberry Cove,3,0,N/A
8/5/2014,Indiana,Monticello,1200 South Sixth Street.,3,0,N/A
8/3/2014,Virginia,Culpeper,4400 block of Rixeyville Road,5,0,N/A
8/1/2014,California,Los Angeles,8700 block of Tobias Avenue,2,0,N/A
7/27/2014,Texas,Arlington,1100 East Abram St.,2,0,N/A
7/26/2014,Maine,Saco,35 Water Street,5,0,N/A
7/23/2014,Virginia,Norfolk,400 block of Woodford Street,2,0,N/A
7/23/2014,Indiana,Bicknell,707 Durbin Street,2,0,N/A
7/22/2014,Ohio,Columbus,3086 Lewis Rd,2,0,N/A
7/19/2014,Virginia,Bedford County,Tucker Terrace,2,0,N/A
7/17/2014,Texas,Houston,605 Berry,2,0,N/A
7/16/2014,Maryland,Hughesville,6900 block of Wood Glen Drive,2,0,N/A
7/14/2014,Oklahoma,Edmond,5509 Fairway,2,0,N/A
7/13/2014,Texas,Austin,6500 Champion Grandview Way,2,0,N/A
7/11/2014,Louisiana,Opelousas,200 bloc of Prudhomme Street,2,0,N/A
7/11/2014,New Jersey,Maple Shade,Arlington Ave,2,0,N/A
7/9/2014,Florida,Jacksonville,Ernjo Road,2,0,N/A
7/8/2014,Washington,Spokane,810 West Fifth Ave Suite 700,2,0,N/A
7/7/2014,Michigan,Berrien,406 West John Beers Road,2,0,N/A
7/5/2014,Tennessee,Dunlap,Finley Circle ,2,0,N/A
7/3/2014,Texas,San Antonio,400 block of Globe,3,0,N/A
6/29/2014,Virginia,Henrico,6100 block of Staples Mill Road,2,0,N/A
6/25/2014,Virginia,Virginia Beach,2200 block of Chicks Beach Court,2,0,N/A
6/24/2014,North Carolina,Salisbury,104 Pineview Circle,2,0,N/A
6/23/2014,Rhode Island,Pawtucket,96 North Bend Street,2,0,N/A
6/16/2014,Michigan,Plainwell,500 block of 10th Street,2,0,N/A
6/15/2014,Virginia,Chesterfield,5700 Fox Maple Terrace,4,0,N/A
6/10/2014,Indiana,Osceola,1200 Rogers Street,2,0,N/A
6/9/2014,Illinois,Chicago,3500 West 79th Place,3,1,N/A
6/5/2014,Tennessee,Greene County,785 Doc Hawkins Road,2,0,N/A
5/30/2014,Arkansas,Russellville,77 Caglesville Lane ,2,0,N/A
5/29/2014,Michigan,Lansing,4100 Sheffield Boulevard,2,0,N/A
5/29/2014,California,Los Angeles,6200 West 3rd Street,2,0,N/A
5/25/2014,Kentucky,Covington,3220 Decoursey Avenue,2,0,N/A
5/24/2014,Texas,Ector County,12000 block of South Beryl Avenue,2,1,N/A
5/17/2014,North Carolina,Nebo,Muddy Creek Road,2,0,N/A
5/16/2014,North Carolina,Greensboro,308 Burtner St.,2,0,N/A
5/14/2014,California,Palmdale,37800 block of 29th Street East,2,0,N/A
5/9/2014,California,Pomona,2107 Ramsey Way,4,0,N/A
5/8/2014,Ohio,Elmwood Place,6600 Hasler Lane,2,0,N/A
5/8/2014,Missouri,Neosho,Rte AA,2,0,N/A
5/7/2014,Florida,Tampa,16223 Sierra De Avila,4,0,N/A
5/5/2014,North Carolina,Morrisville,2016 Weaver Forest Way,2,0,N/A
5/5/2014,Texas,Fort Bend County,4800 Russett Lane,2,2,N/A
5/3/2014,Arkansas,Jonesboro,2201 Moore Road; Dalton Farmer Drive; County Road 664,4,4,N/A
5/2/2014,Louisiana,Caddo Parish,Johns Gin Road ,2,0,N/A
4/29/2014,Texas,Montgomery County,10 Villas Way Dr,2,0,N/A
4/28/2014,California,Hollywood,12400 block of Weddington Street,2,1,N/A
4/27/2014,Michigan,Pontiac,90 Ridgemont Drive,2,0,N/A
4/26/2014,Georgia,Gwinnett County,2800 Mossy Creek Drive,2,0,N/A
4/24/2014,Pennsylvania,York County,Rocky Wood Lane,2,0,N/A
4/23/2014,Mississippi,Brandon,126 Caledonian Boulevard,2,0,N/A
4/17/2014,Indiana,Indianapolis,2400 Inishmore Court.,2,0,N/A
4/16/2014,Texas,Conroe,11700 Thousand Trails,2,0,N/A
4/16/2014,Maryland,Berlin, 600 William Street,2,0,N/A
4/14/2014,Louisiana,Lake Charles,Elliott Road and Dolphin Drive,2,0,N/A
4/12/2014,Ohio,Dayton,700 Hodapp Avenue,2,0,N/A
4/11/2014,North Carolina,Wilmington,7001 Meadowlark Lane,3,0,N/A
4/8/2014,Minnesota,Waconia,10585 Elm Creek Rd,2,0,N/A
4/7/2014,New Mexico,Las Cruces,1850 Sexton St. ,2,0,N/A
4/2/2014,Kentucky,Russellville,921 W 9th St,2,0,N/A
4/1/2014,Florida,Hollywood,6500 Grant Street,2,0,N/A
3/29/2014,New Hampshire,Barrington,60 Layne Farm Drive,2,0,N/A
3/25/2014,Montana,Kalispell,134 Fly Way,2,0,N/A
3/22/2014,Ohio,Murray City,Long Street,2,0,N/A
3/21/2014,Texas,San Antonio,200 block of Kelsey Avenue,2,0,N/A
3/19/2014,Maryland,Anne Arundel County,8000  High Point Road,2,0,N/A
3/18/2014,Kentucky,Louisville,42nd Street and Garland,2,0,N/A
3/14/2014,North Carolina,Wendell,100 block of Deer Tracks Road,2,0,N/A
3/13/2014,California,Palm Springs,Sunflower Lane,3,0,N/A
3/12/2014,Texas,Pasadena,West Bird Road near Shaver Street,2,0,N/A
3/10/2014,Wisconsin,Clayton,County Road X,2,0,N/A
3/7/2014,Arizona,Glendale,N 40th Dr and W Happy Valley Rd,2,0,N/A
2/27/2014,Texas,Wichita Falls,1600 block of Bluff Street,2,0,N/A
2/27/2014,Michigan,Detroit,15000 block of Rossini,2,0,N/A
2/26/2014,Indiana,Greensburg,Main St,2,0,N/A
2/26/2014,Illinois,Oak Lawn,9800 block of 51st Av,4,0,N/A
2/26/2014,Texas,Dallas,1800 block of Browder Street ,2,0,N/A
2/25/2014,New York,Wallkill,38 Anthony St,2,0,N/A
2/25/2014,Texas,Dallas,100 block of North Collett Avenue,2,0,N/A
2/17/2014,Arizona,Kingman,400 block of West Beale Street,2,0,N/A
2/9/2014,California,Helendale,27200 block of Silver Lakes Parkway,2,0,N/A
2/7/2014,Ohio,Defiance,25200 block of Bowman Road,4,0,N/A
2/6/2014,Georgia,Temple,Willow Lane,3,0,N/A
2/6/2014,Kansas,Augusta,1235 Helen,2,0,N/A
2/3/2014,New Jersey,Ringwood,Cupsaw Drive,2,0,N/A
2/3/2014,Indiana,Franklin,2100 block of Bridlewood Dr,3,2,N/A
2/1/2014,Texas,Mesquite,3600 block of Edgebrook Drive,2,0,N/A
1/27/2014,Oregon,Umpqua,240 Smethwick Drive,2,0,N/A
1/23/2014,Ohio,Cleveland,2500 Metrohealth Dr,2,0,N/A
1/22/2014,North Carolina,Mount Holly,303 Michelle Lane,2,0,N/A
1/21/2014,Pennsylvania,Red Lion,525 S Franklin St,2,0,N/A
1/20/2014,Virginia,Lynchburg,Broadway Street,2,0,N/A
1/19/2014,South Carolina,North Augusta,Woodvine Drive,2,0,N/A
1/18/2014,Texas,Paris,2500 block of West Houston,2,0,N/A
1/16/2014,Texas,Mckinney,1815 W. White Ave,2,0,N/A
1/15/2014,South Carolina,Irmo,1 Forest Walk Court,4,0,N/A
1/15/2014,Pennsylvania,Pittsburgh (Crafton),100 block of Dinsmore Ave,2,0,N/A
1/14/2014,Kentucky,Morning View,Cruise Creek Road,2,0,N/A
1/14/2014,Utah,Syracuse,2133 W. 1175 South,3,0,N/A
1/12/2014,Virginia,Chesterfield,12300 block of Mason Avenue,2,0,N/A
1/8/2014,Texas,Freeport,500 block of West Ninth Street,2,0,N/A
1/7/2014,Virginia,Loudoun (county),41700 block of Eloquence Terrace,2,1,N/A
1/5/2014,Missouri,Kirksville,23534 Burk Trail,2,0,N/A
